0-0-0001,,조명 프레임간판,[제품],,간판,간판,EA,YES
0-0-0002,,비조명 프레임간판,[제품],,간판,간판,EA,YES
0-0-0003,,바형 채널간판,[제품],,간판,간판,EA,YES
0-0-0004,,돌출간판,[제품],,간판,간판,EA,YES
0-0-0005,,문자간판,[제품],,간판,간판,EA,YES
0-0-0006,데이타 케이블,데이타 케이블,[부재료],,"기타, 할인",영업부,ea,YES
0-0-0007,,보호테이프,[원재료],청색,원재료,간판,,YES
0-0-0008,,스피롤탄 페인트(HW4045),[원재료],,간판자재,간판,가론,YES
0-0-0009,,스피롤탄 페인트(경화제),[원재료],,간판자재,간판,말,YES
0-0-0011,,MI-U400W 잉크(연질),[상품],백색,간판자재,간판,,YES
0-0-0012,,MI-U400Y 잉크(연질),[원재료],노랑,간판자재,간판,,YES
0-0-0013,,입체바 1.0T(연청색),[원재료],100mm*3M,간판자재,간판,,YES
0-0-0014,,광확산 PC 1.8T,[원재료],3*6,평판,간판,,YES
0-0-0015,,스피롤탄 페인트(HW4055),[원재료],,간판자재,간판,가론,YES
0-0-0016,,MI-U400M 잉크(연질),[원재료],적색,간판자재,간판,,YES
0-0-0018,,스피롤탄 페인트(HW4031),[원재료],,간판자재,간판,가론,YES
0-0-0020,,입체바 1.0T(흑색),[원재료],100mm*3M,간판자재,간판,,YES
0-0-0021,,입체바 1.0T(적색),[원재료],100mm*3M,간판자재,간판,,YES
0-0-0023,,KIV 1.5(검정),[원재료],,간판자재,간판,,YES
0-0-0024,,광확산 PC 3T,[원재료],3*6,평판,간판,,YES
0-0-0025,천정고리,천정고리-포맥스용,[상품],,부자재,영업부,ea,YES
0-0-0026,헤라,삼중이중날헤라,[상품],소,간판자재,간판,EA,YES
0-0-0027,,헤드케이블,[상품],,부자재,영업부,EA,YES
0-0-0028,원형간판,스텐원형돌출간판,[상품],800파이,간판,영업부,ea,YES
0-0-0029,매직페브릭,매직 페브릭,[원재료],280폭,실사원단(수성/솔벤),UV,롤,YES
0-0-0030,판재재단용,MDF 5T,[원재료],,원재료,UV,,YES
0-0-0031,,코팅비,[무형상품],,원재료,기타,,YES
0-0-0032,,스피롤탄 페인트(HW4060),[상품],,간판자재,간판,,YES
0-0-0033,,JPL모듈 3구 백색,[원재료],0.72W,간판자재,간판,,YES
0-0-0035,,맥스본드,[원재료],3kg,간판자재,간판,,YES
0-0-0036,,LED형광등,[원재료],20W-웜(전구색),간판자재,간판,,YES
0-0-0037,,"광확산 PC 1,8T",[원재료],4*8,평판,UV,,YES
0-0-0039,,LED투광기(매립)-(검정/전구색),[원재료],35W,간판자재,간판,,YES
0-0-0040,,LED투광기(노출)-(검정/전구색),[원재료],35W,간판자재,간판,,YES
0-0-0041,,입체바 1.0T(백색),[원재료],100mm*3M,간판자재,간판,,YES
0-0-0042,,LED투광기-(백색/전구색),[원재료],35W,간판자재,간판,,YES
0-0-0043,,스피롤탄 페인트(HW4021),[원재료],,간판자재,간판,,YES
0-0-0044,,LED 4P 전선-RGB선,[원재료],100M,간판자재,간판,,YES
0-0-0045,,채널 트러스바(백색),[원재료],200mm*7M,간판자재,간판,,YES
0-0-0046,,채널 트러스바(백색),[원재료],300mm*7M,간판자재,간판,,YES
0-0-0047,,트러스바 날개(백색),[원재료],100mm*7M,간판자재,간판,,YES
0-0-0048,,채널바 옆마구리(백색),[원재료],200*100,간판자재,간판,,YES
0-0-0049,,채널바 옆마구리(백색),[원재료],300*100,간판자재,간판,,YES
0-0-0052,,깃발3호,[제품],270*180,간판자재,전사,EA,YES
0-0-0053,,정기황금봉깃대,[제품],,간판자재,태극기,,YES
0-0-0054,,SC-3727(울트라시트 외부용),[원재료],1220,간판자재,간판,,YES
0-0-0055,,KM-열전사잉크(LY)_C,[원재료],,간판자재,전사,L,YES
0-0-0056,,KM-열전사잉크(LY)_M,[원재료],,간판자재,전사,L,YES
0-0-0057,,KM-열전사잉크(LY)_Y,[원재료],,간판자재,전사,L,YES
0-0-0058,,KM-열전사잉크(LY)_K,[원재료],,간판자재,전사,L,YES
0-0-0061,,간판 경첩,[원재료],,간판자재,간판,,YES
0-0-0062,,채널보강지지대,[상품],200mm,간판자재,간판,,YES
0-0-0064,간판자재,조립배선,[무형상품],,설치비,간판,,YES
0-0-0066,,조명시트,[부재료],,시트(수성/솔벤),간판,,YES
0-0-0067,클리어필름,클리어필름-UV,[제품],152폭,시트(수성/솔벤),UV,EA,YES
0-0-0068,,태극기깃대조립세트,[제품],2구R-130(90*60),태극기,태극기,EA,YES
0-0-0069,간판자재,쌍클립,[부재료],200개,간판자재,간판,1봉지,YES
0-0-0070,,발통-700,[원재료],1BOX-5EA,간판자재,간판,EA,YES
0-0-0073,,트러스바,[원재료],,간판자재,간판,,YES
0-0-0074,,갈바,[제품],,간판자재,간판,EA,YES
0-0-0075,,각파이프트러스,[제품],,간판자재,간판,,YES
0-0-0076,,도색,[부재료],,설치비,간판,,YES
0-0-0077,블랙아웃시트-(농협 녹색),LB9534NH,[원재료],122폭,시트(수성/솔벤),간판,EA,YES
0-0-0078,,하코너,[원재료],1BOX-150EA,간판자재,간판,,YES
0-0-0079,,발통-500,[원재료],1BOX-6EA,간판자재,간판,EA,YES
0-0-0081,,발통-800,[상품],1BOX-5EA,간판자재,간판,EA,YES
0-0-0082,,발통-900,[원재료],1BOX-5EA,간판자재,간판,EA,YES
0-0-0083,,발통-600,[원재료],1BOX-6EA,간판자재,간판,EA,YES
0-0-0084,,LED형광등7W,[원재료],웜,간판자재,간판,,YES
0-0-0085,,앵글,[부재료],,간판자재,간판,,YES
0-0-0087,,LT4000시리즈,[원재료],122폭,시트(수성/솔벤),간판,EA,YES
0-0-0092,헤라,삼중이중날헤라,[상품],대,간판자재,간판,EA,YES
0-0-0094,간판자재,조도향상시트,[부재료],1200,시트(수성/솔벤),간판,1,YES
0-0-0095,,물본드,[원재료],1BOX-8EA,간판자재,간판,,YES
0-0-0096,차량랩핑용,LD59HTG,[원재료],,시트(수성/솔벤),간판,,YES
0-0-0097,UV2000폭 잉크,UV-E413,[원재료],W,잉크,UV,,YES
0-0-0098,UV2000폭 잉크,UV-E413,[원재료],C,잉크,UV,,YES
0-0-0099,UV2000폭 잉크,UV-E413,[원재료],M,잉크,UV,,YES
0-0-0100,UV2000폭 잉크,UV-E413,[원재료],Y,잉크,UV,,YES
0-0-0101,UV2000폭 잉크,UV-E413,[원재료],K,잉크,UV,,YES
0-0-0102,간판자재,조명시트(LG하우시스),[상품],1220,시트(수성/솔벤),간판,롤,YES
0-0-0107,,I3200-A1 헤드,[원재료],,장비판매,현수막,,YES
0-0-0108,,양면테이프 2T,[원재료],1BOX-100EA,부자재,현수막,,YES
0-0-0109,,양면테이프 3T,[원재료],1BOX-70EA,부자재,기타,,YES
0-0-0110,,태극기7호(3구 게양용),[제품],135*90,태극기,태극기,EA,YES
0-0-0111,,만국기8호,[제품],105*70,태극기,전사,EA,YES
0-0-0112,,솔벤 현수막,[상품],70폭,실사원단(수성/솔벤),UV,,YES
0-0-0113,,RGB컨트롤러,[상품],,간판자재,간판,ea,YES
0-0-0114,,LC6770-옥외용 시트(백색),[상품],1220,시트(수성/솔벤),간판,m,YES
0-0-0115,,평철까치발,[원재료],,간판자재,간판,EA,YES
0-0-0116,,솔벤조명시트,[상품],,시트(수성/솔벤),간판,m,YES
0-0-0117,,직결피스 8*32,[원재료],1BOX-12봉,간판자재,간판,봉지,YES
0-0-0118,,특호기,[제품],540*360,태극기,전사,EA,YES
0-0-0119,,EP115(LG엠보시트),[상품],1220,시트(수성/솔벤),간판,ea,YES
0-0-0120,바닥용 코팅지,LM40000,[원재료],122폭,시트(수성/솔벤),UV,,YES
0-0-0121,,평까치발-검정,[원재료],200,간판자재,간판,,YES
0-0-0122,,평까치발-검정,[원재료],250,간판자재,간판,,YES
0-0-0123,근조기,근조기깃발만,[상품],80*115,태극기,전사,,YES
0-0-0124,,평면경관봉 70mm 몸통,[원재료],3M,미분류,간판,,YES
0-0-0125,,평면경관봉 70mm PC커버,[원재료],3M,미분류,간판,,YES
0-0-0126,,스크래퍼,[제품],,미분류,간판,,YES
0-0-0127,,EP-시리즈 수성,[제품],EP-3208,미분류,현수막,ea,YES
0-0-0128,,EP-시리즈 수성,[제품],EP 1804,미분류,현수막,ea,YES
0-0-0129,,좌우보필형,[제품],20*30,미분류,태극기,EA,YES
0-0-0130,,목재깃대(흑색),[제품],2.5*230,미분류,전사,EA,YES
0-1-0150,,까치발-150,[원재료],,간판자재,간판,EA,YES
0-1-0200,,까치발-200,[원재료],,간판자재,간판,EA,YES
0-1-0250,,까치발-250,[원재료],1BOX-30EA,간판자재,간판,EA,YES
0-1-0300,,까치발-300,[원재료],1BOX-30EA,간판자재,간판,EA,YES
0-1-0400,,까치발-400,[원재료],1BOX-30EA,간판자재,간판,EA,YES
0-1-0500,,까치발-500,[원재료],1BOX-15EA,간판자재,간판,EA,YES
0-1-0600,,까치발-600,[원재료],1BOX-15EA,간판자재,간판,EA,YES
0-1-0700,,까치발-700,[원재료],1BOX-15EA,간판자재,간판,EA,YES
0-1-0800,,까치발-800,[원재료],1BOX-15EA,간판자재,간판,EA,YES
0-1-0900,,까치발-900,[원재료],1BOX-15EA,간판자재,간판,EA,YES
0-1-1000,,까치발-1000,[원재료],1BOX-15EA,간판자재,간판,EA,YES
0-1-1100,,까치발-1100,[원재료],1BOX-15EA,간판자재,간판,EA,YES
0-1-1200,,까치발-1200,[원재료],1BOX-15EA,간판자재,간판,EA,YES
0-1-1300,,까치발-1300,[원재료],1BOX-15EA,간판자재,간판,EA,YES
0-1-1400,,까치발-1400,[원재료],1BOX-15EA,간판자재,간판,EA,YES
0-1-1500,,까치발-1500,[원재료],1BOX-15EA,간판자재,간판,EA,YES
0-1-1600,,까치발-1600,[원재료],,간판자재,간판,EA,YES
0-1-1700,,까치발-1700,[원재료],1BOX-10EA,간판자재,간판,EA,YES
0-1-1800,,까치발-1800,[원재료],1BOX-10EA,간판자재,간판,EA,YES
0-1-1900,,까치발-1900,[원재료],1BOX-10EA,간판자재,간판,EA,YES
0-1-2000,,까치발-2000,[원재료],,간판자재,간판,EA,YES
0-2-0010,,스카시 10T 백색,[원재료],3*6,간판자재,간판,EA,YES
0-2-0020,,스카시 20T 백색,[원재료],3*6,간판자재,간판,EA,YES
0-2-0030,,스카시 30T 백색,[원재료],3*6,간판자재,간판,EA,YES
0-2-0050,,스카시 50T 백색,[원재료],3*6,간판자재,간판,EA,YES
0-2-0110,,스카시 10T 검정,[원재료],3*6,간판자재,간판,EA,YES
0-2-0120,,스카시 20T 검정,[원재료],3*6,간판자재,간판,EA,YES
0-2-0130,,스카시-30T 검정,[원재료],3*6,간판자재,간판,EA,YES
0-2-0150,,스카시 50T 검정,[원재료],3*6,간판자재,간판,EA,YES
0-3-0080,,간판-후판,[원재료],80폭/50m,간판자재,간판,EA,YES
0-3-0090,,간판-후판,[원재료],90폭/50m,간판자재,간판,EA,YES
0-3-0100,,간판-후판,[원재료],100폭/50m,간판자재,간판,EA,YES
0-3-0110,,간판-후판,[원재료],110폭/50m,간판자재,간판,EA,YES
0-3-0120,,간판-후판,[원재료],120폭/50m,간판자재,간판,EA,YES
0-3-0130,,간판-후판,[원재료],130폭/50m,간판자재,간판,EA,YES
0-3-0140,,간판-후판,[원재료],140폭/50m,간판자재,간판,,YES
0-3-0150,,간판-후판,[원재료],150폭/50m,간판자재,간판,EA,YES
0-3-0160,,간판-후판,[원재료],160폭/50m,간판자재,간판,EA,YES
0-3-0180,,간판-후판,[원재료],180폭/50m,간판자재,간판,EA,YES
0-3-0200,,간판-후판,[원재료],200폭/50m,간판자재,간판,EA,YES
0-4-0002,,포맥스 2T 백색,[원재료],3*6,평판,간판,EA,YES
0-4-0003,,포맥스 3T 백색,[원재료],3*6,평판,간판,EA,YES
0-4-0005,,포맥스 5T 백색,[원재료],3*6,평판,간판,EA,YES
0-4-0008,,포맥스 8T 백색,[원재료],3*6,평판,간판,EA,YES
0-4-0010,,포맥스 10T 백색,[원재료],3*6,평판,간판,EA,YES
0-4-0101,,포맥스 2T 검정,[원재료],3*6,평판,간판,EA,YES
0-4-0103,,포맥스 3T 검정,[원재료],3*6,평판,간판,EA,YES
0-4-0105,,포맥스 5T 검정,[원재료],3*6,평판,간판,EA,YES
0-4-0108,,포맥스 8T 검정,[원재료],3*6,평판,간판,EA,YES
0-4-0110,,포맥스 10T 검정,[원재료],3*6,평판,간판,EA,YES
0-4-1001,,포맥스 1T 백색,[원재료],4*8,평판,간판,EA,YES
0-4-1002,,포맥스 2T 백색,[원재료],4*8,평판,간판,EA,YES
0-4-1003,,포맥스 3T 백색,[원재료],4*8,평판,간판,EA,YES
0-4-1005,,포맥스 5T 백색,[원재료],4*8,평판,간판,EA,YES
0-4-1008,,포맥스 8T 백색,[원재료],4*8,평판,간판,EA,YES
0-4-1010,,포맥스 10T 백색,[원재료],4*8,평판,간판,EA,YES
0-4-1101,,포맥스 1T 검정,[원재료],4*8,평판,간판,EA,YES
0-4-1102,,포맥스 2T 검정,[원재료],4*8,평판,간판,EA,YES
0-4-1103,,포맥스 3T 검정,[원재료],4*8,평판,간판,EA,YES
0-4-1105,,포맥스 5T 검정,[원재료],4*8,평판,간판,EA,YES
0-4-1108,,포맥스 8T 검정,[원재료],4*8,평판,간판,EA,YES
0-4-1110,,포맥스 10T 검정,[원재료],4*8,평판,간판,EA,YES
0-5-0002,,예스포맥스 2T 백색,[원재료],3*6,평판,간판,EA,YES
0-5-0003,,예스포맥스 3T 백색,[원재료],3*6,평판,간판,EA,YES
0-5-0005,,예스포맥스 5T 백색,[원재료],3*6,평판,간판,EA,YES
0-5-0008,,예스포맥스 8T 백색,[원재료],3*6,평판,간판,EA,YES
0-5-0010,,예스포맥스 10T 백색,[원재료],3*6,평판,간판,EA,YES
0-5-0101,,예스포맥스 2T 검정,[원재료],3*6,평판,간판,EA,YES
0-5-0103,,예스포맥스 3T 검정,[원재료],3*6,평판,간판,EA,YES
0-5-0105,,예스포맥스 5T 검정,[원재료],3*6,평판,간판,EA,YES
0-5-0108,,예스포맥스 8T 검정,[원재료],3*6,평판,간판,EA,YES
0-5-0110,,예스포맥스 10T 검정,[원재료],3*6,평판,간판,EA,YES
0-5-1001,,예스포맥스 1T 백색,[원재료],4*8,평판,간판,EA,YES
0-5-1002,,예스포맥스 2T 백색,[원재료],4*8,평판,간판,EA,YES
0-5-1003,,예스포맥스 3T 백색,[원재료],4*8,평판,간판,EA,YES
0-5-1005,,예스포맥스 5T 백색,[원재료],4*8,평판,간판,EA,YES
0-5-1008,,예스포맥스 8T 백색,[원재료],4*8,평판,간판,EA,YES
0-5-1010,,예스포맥스 10T 백색,[원재료],4*8,평판,간판,EA,YES
0-5-1101,,예스포맥스 1T 검정,[원재료],4*8,평판,간판,EA,YES
0-5-1102,,예스포맥스 2T 검정,[원재료],4*8,평판,간판,EA,YES
0-5-1103,,예스포맥스 3T 검정,[원재료],4*8,평판,간판,EA,YES
0-5-1105,,예스포맥스 5T 검정,[원재료],4*8,평판,간판,EA,YES
0-5-1108,,예스포맥스 8T 검정,[원재료],4*8,평판,간판,EA,YES
0-5-1110,,예스포맥스 10T 검정,[원재료],4*8,평판,간판,EA,YES
000013,,하이글라스 2T 투명,[원재료],3*6,평판,UV,EA,YES
000014,,하이글라스 2T 투명,[원재료],4*8,평판,UV,EA,YES
000015,,하이글라스 3T 투명,[원재료],3*6,평판,UV,EA,YES
000016,,하이글라스 3T 투명,[원재료],4*8,평판,UV,EA,YES
000017,,하이글라스 5T 투명,[원재료],3*6,평판,UV,EA,YES
000018,,하이글라스 5T 투명,[원재료],4*8,평판,UV,EA,YES
000019,,하이글라스 8T 투명,[원재료],3*6,평판,UV,EA,YES
00002,,깃발 7호,[제품],135*90,깃발,전사,EA,YES
000020,,하이글라스 8T 투명,[원재료],4*8,평판,UV,EA,YES
000021,,하이글라스 10T 투명,[원재료],3*6,평판,UV,EA,YES
000022,,하이글라스 10T 투명,[원재료],4*8,평판,UV,EA,YES
000023,,아크릴 5T 검정,[원재료],3*6,평판,UV,EA,YES
000024,,아크릴 8T 검정,[원재료],3*6,평판,UV,EA,YES
000025,,아크릴 10T 백색,[원재료],3*6,평판,UV,EA,YES
000026,,아크릴 10T 백색,[원재료],4*8,평판,UV,EA,YES
000027,,알마이트 2T 백색,[원재료],3*6,평판,UV,EA,YES
000028,,알마이트 2T 백색,[원재료],4*8,평판,UV,EA,YES
000029,,알마이트 3T 백색,[원재료],3*6,평판,UV,EA,YES
00003,,깃발 7호-1,[제품],120*80,깃발,전사,EA,YES
000030,,알마이트 3T 백색,[원재료],4*8,평판,UV,EA,YES
000031,,광학산PC-2T,[원재료],4*8,평판,UV,EA,YES
000032,,광학산PC-4.5T,[원재료],4*8,평판,UV,EA,YES
000033,,PC 2T 백색,[원재료],4*8,평판,UV,EA,YES
000034,,아크릴밀러 3T 금색,[원재료],3*6,평판,UV,EA,YES
00004,,만장기,[제품],,깃발,전사,,YES
00005,,가로등배너,[제품],,가로등배너,전사,,YES
00006,,용달운임,[무형상품],,"용차,퀵",기타,,YES
000062,,양면배너 후렉스,[원재료],137폭,실사원단(수성/솔벤),UV,EA,YES
000063,,마구리 검정,[원재료],200*112,간판자재,간판,EA,YES
000064,,마구리 검정,[원재료],250*112,간판자재,간판,EA,YES
000065,,마구리 검정,[원재료],300*112,간판자재,간판,EA,YES
000066,,마구리 검정,[원재료],400*112,간판자재,간판,EA,YES
000067,,상바-알루미늄,[원재료],,간판자재,간판,EA,YES
000068,,하바,[원재료],,간판자재,간판,EA,YES
000069,,카바-백색,[원재료],,간판자재,간판,EA,YES
00007,,2합끈,[원재료],yd=1kg/2*1000,부자재,전사,yd,YES
000070,,종이도안지,[원재료],1000,간판자재,UV,롤,YES
000071,,종이도안지,[원재료],1200,간판자재,UV,롤,YES
000072,,직사각200mm 검정,[원재료],7020mm,간판자재,간판,EA,YES
000073,,직사각250mm 검정,[원재료],7020mm,간판자재,간판,EA,YES
000074,,직사각300mm 검정,[원재료],7020mm,간판자재,간판,EA,YES
000075,,직사각400mm 검정,[원재료],7020mm,간판자재,간판,EA,YES
000079,,15각파이프,[원재료],,간판자재,간판,EA,YES
00008,,3합끈,[원재료],yd=1kg/3.3*1000,부자재,전사,yd,YES
000080,,19각파이프,[원재료],,간판자재,간판,EA,YES
000089,,쌍클립 32W,[원재료],,간판자재,간판,EA,YES
00009,,재봉사,[원재료],40 순백색,전사자재,전사,박스,YES
000091,,LED형광등,[원재료],30W-양면,간판자재,간판,EA,YES
000092,,LED3구-웜화이트,[원재료],,간판자재,간판,EA,YES
000093,,양면테이프 1T,[원재료],1BOX-100EA,간판자재,영업부,EA,YES
000094,,3M전기테이프,[원재료],1BOX-200EA,간판자재,간판,EA,YES
000095,,투광기 파이프 700mm,[원재료],ㄱ자형(백색),간판자재,간판,EA,YES
000096,,직결피스 8*13,[원재료],1BOX-12봉,간판자재,간판,봉지,YES
000097,,직사각트러스받침대,[원재료],250mm,간판자재,간판,EA,YES
00010,,어구실명제,[제품],,깃발,전사,,YES
000101,현수막잉크,현수막 잉크,[원재료],C,잉크,영업부,EA,YES
000102,현수막잉크,현수막 잉크,[원재료],K,잉크,영업부,EA,YES
000103,현수막잉크,현수막 잉크,[원재료],M,잉크,영업부,EA,YES
000104,현수막잉크,현수막 잉크,[원재료],Y,잉크,영업부,EA,YES
000105,현수막잉크,현수막 잉크,[원재료],LC,잉크,영업부,EA,YES
000106,현수막잉크,현수막 잉크,[원재료],LM,잉크,영업부,EA,YES
000107,,솔벤3200폭 잉크,[원재료],C,잉크,UV,EA,YES
000108,,솔벤3200폭 잉크,[원재료],M,잉크,UV,EA,YES
000109,,솔벤3200폭 잉크,[원재료],Y,잉크,UV,EA,YES
00011,,배너대조립(조당),[제품],60*180,가로등배너,전사,,YES
000110,,솔벤3200폭 잉크,[원재료],K,잉크,UV,EA,YES
000111,하이브리드,UV잉크 NEW-W,[원재료],,잉크,UV,L,YES
000112,하이브리드,UV잉크 NEW-C,[원재료],,잉크,UV,L,YES
000113,하이브리드,UV잉크 NEW-K,[원재료],,잉크,UV,L,YES
000114,하이브리드,UV잉크 NEW-M,[원재료],,잉크,UV,L,YES
000115,하이브리드,UV잉크 NEW-Y,[원재료],,잉크,UV,L,YES
000121,DGI전사잉크,SDX (Cyan),[원재료],,잉크,전사,KG,YES
000122,DGI전사잉크,SDX (Magenta),[원재료],,잉크,전사,KG,YES
000123,DGI전사잉크,SDX (Yellow),[원재료],,잉크,전사,KG,YES
000124,DGI전사잉크,SDX (Black),[원재료],,잉크,전사,KG,YES
000125,솔벤1600폭,솔벤잉크-MARVEL300-C,[원재료],,잉크,UV,,YES
000126,솔벤1600폭,솔벤잉크-MARVEL300-M,[원재료],,잉크,UV,,YES
000127,솔벤1600폭,솔벤잉크-MARVEL300-Y,[원재료],,잉크,UV,,YES
000128,솔벤1600폭,솔벤잉크-MARVEL300-K,[원재료],,잉크,UV,,YES
000134,,채널간판,[제품],,간판,간판,EA,YES
00015,,택배비,[무형상품],,"용차,퀵",기타,,YES
00016,,배너대,[반제품],130cm,전사자재,전사,,YES
000163,,고무문자,[제품],,간판,간판,EA,YES
000164,,아크릴문자,[제품],,평판출력,간판,EA,YES
000165,윈드배너물통 윈드물통,윈드배너 물통,[상품],80*380,배너대,영업부,EA,YES
000166,윈드배너물통 윈드물통,윈드배너 물통,[상품],70*300,배너대,영업부,EA,YES
000167,윈드배너물통 윈드물통,윈드배너 물통SET,[상품],65*195,배너대,영업부,EA,YES
000168,윈드배너크로스 윈드크로스,윈드배너 크로스,[상품],80*380,배너대,영업부,EA,YES
000169,윈드배너크로스 윈드크로스,윈드배너 크로스,[상품],70*300,배너대,영업부,EA,YES
00017,,대신택배,[무형상품],,"용차,퀵",기타,,YES
000170,윈드배너크로스 윈드크로스,윈드배너 크로스,[상품],65*195,배너대,영업부,EA,YES
000171,윈드배너사각 윈드사각,윈드배너 사각,[상품],80*380,배너대,영업부,EA,YES
000172,윈드배너사각 윈드사각,윈드배너 사각,[상품],70*300,배너대,영업부,EA,YES
000173,윈드배너사각 윈드사각,윈드배너 사각,[상품],65*195,배너대,영업부,EA,YES
000174,윈드배너스파이크 윈드스파이크,윈드배너 스파이크,[상품],80*380,배너대,영업부,EA,YES
000175,윈드배너스파이크 윈드스파이크,윈드배너 스파이크,[상품],70*300,배너대,영업부,EA,YES
000176,윈드배너스파이크 윈드스파이크,윈드배너 스파이크,[상품],65*195,배너대,영업부,EA,YES
00018,자이언트배너천,자이언트배너,[제품],80*320,배너대,전사,,YES
000189,윈드배너폴대 윈드폴대,윈드배너 폴세트,[상품],(대),배너대,영업부,EA,YES
00019,,현수막(조립),[제품],,현수막,현수막,,YES
000190,윈드배너폴대 윈드폴대,윈드배너 폴세트,[상품],(중),배너대,영업부,EA,YES
000191,윈드배너폴대 윈드폴대,윈드배너 폴세트,[상품],(소),배너대,영업부,EA,YES
000192,,윈드배너 부품,[상품],물통,배너대,영업부,EA,YES
000193,,윈드배너 부품,[상품],크로스베이스,배너대,영업부,EA,YES
000194,,윈드배너 부품,[상품],사각베이스,배너대,영업부,EA,YES
000195,,윈드배너 부품,[상품],스파이크핀,배너대,영업부,EA,YES
000196,,윈드배너 부품,[상품],베이링,배너대,영업부,EA,YES
000197,,윈드배너 부품,[상품],워터튜브,배너대,영업부,EA,YES
00020,,대신화물,[무형상품],,"용차,퀵",기타,,YES
00021,,전사 부자재,[무형상품],,전사자재,전사,,YES
000214,미니,미니배너,[상품],18*42,배너대,영업부,EA,YES
000215,미니,미니배너,[상품],15*30,배너대,영업부,EA,YES
000231,,자이언트배너 폴 5.4M,[상품],110*330,윈드배너,전사,EA,YES
000232,,자이언트배너 폴 6M,[상품],120*400,배너대,전사,EA,YES
000233,,트라이폴,[상품],,배너대,영업부,EA,YES
000234,,트라이폴2,[상품],,배너대,영업부,EA,YES
000235,,트윈폴,[상품],,배너대,영업부,EA,YES
000236,,뉴자이언트배너,[상품],,윈드배너,영업부,EA,YES
00024,,깃발 8호,[제품],90*60,깃발,전사,,YES
00025,,만국기 7호,[제품],135*90,깃발,전사,EA,YES
000255,,빅폴,[상품],300 (1500*2set 연결형),배너대,영업부,EA,YES
000257,,스프링배너,[상품],50*150,배너대,영업부,EA,YES
000258,,스프링배너,[상품],60*180,배너대,영업부,EA,YES
00026,,만국기 8호,[제품],90*60,깃발,전사,EA,YES
000261,,스틸입간판(골판지포함),[상품],,배너대,영업부,EA,YES
000262,,A형스틸입간판,[상품],,배너대,영업부,EA,YES
000270,,워킹배너대,[상품],X형,배너대,영업부,EA,YES
000271,,워킹배너대,[상품],"F(S,H)형",배너대,영업부,EA,YES
00028,,깃발,[제품],,깃발,전사,,YES
00029,,R-3단 깃대조립,[제품],130:2구,깃발,전사,EA,YES
00030,,현수막(게시대),[제품],,현수막,현수막,EA,YES
00031,,현수막(각목),[제품],,현수막,현수막,EA,YES
000313,,샤틴,[원재료],150폭,전사원단,전사,YD,YES
000314,,게릴라현수막,[제품],500*90,현수막,현수막,EA,YES
000315,,현수막,[제품],,현수막,현수막,EA,YES
000316,,현수막(족자),[제품],,현수막,현수막,EA,YES
000317,,패트배너,[제품],,패트,현수막,EA,YES
000318,,어깨띠,[제품],,부직포,현수막,EA,YES
00032,,친환경현수막,[제품],,현수막,현수막,EA,YES
000320,,부직포출력,[제품],,부직포,현수막,EA,YES
000321,,원형나무,[원재료],20mm/90폭/낱개,부자재,영업부,,YES
000322,부자재,재단로프,[원재료],3.5mm,부자재,영업부,마대,YES
000323,1008J,타카핀,[원재료],5000EA,부자재,현수막,BOX,YES
000324,,태극기 특호,[제품],1200*800,태극기,태극기,EA,YES
000325,,태극기 특호,[제품],600*400,태극기,태극기,EA,YES
000326,,태극기 특호,[제품],540*360,태극기,태극기,EA,YES
000327,,태극기 1호,[제품],450*300,태극기,태극기,EA,YES
000328,,태극기 2호,[제품],306*204,태극기,태극기,EA,YES
000329,,태극기 3호,[제품],270*180,태극기,태극기,EA,YES
000330,,태극기 4호,[제품],225*150,태극기,태극기,EA,YES
000331,,태극기 4호-1,[제품],210*140,태극기,태극기,EA,YES
000332,,태극기 5호,[제품],180*120,태극기,태극기,EA,YES
000333,,태극기 6호,[제품],153*102,태극기,태극기,EA,YES
000334,,태극기 7호(2구게양용),[제품],135*90,태극기,태극기,EA,YES
000335,,태극기 7호-1(2구게양용),[제품],120*80,태극기,태극기,EA,YES
000336,,태극기 8호-1,[제품],105*70,태극기,태극기,EA,YES
000337,,태극기 8호,[제품],90*60,태극기,태극기,EA,YES
000338,,태극기 9호,[제품],60*40,태극기,태극기,EA,YES
000339,,태극기-수기,[제품],45*30,태극기,태극기,EA,YES
000340,,태극기-수기,[제품],30*20,태극기,태극기,EA,YES
000341,,태극기 수기대 조립,[제품],45*30 수기대 60CM,태극기,태극기,EA,YES
000342,,태극기 수기대 조립,[제품],30*20 수기대 60CM,태극기,태극기,EA,YES
000343,,태극기 수기대 조립,[제품],45*30 수기대 50CM,태극기,태극기,EA,YES
000344,,태극기 수기대 조립,[제품],30*20 수기대 50CM,태극기,태극기,EA,YES
000345,,태극기 수기대 조립,[제품],45*30 수기대 40CM,태극기,태극기,EA,YES
000346,,태극기 수기대 조립,[제품],30*20 수기대 40CM,태극기,태극기,EA,YES
000347,,태극기 차량용깃대 조립,[제품],45*30 차량용깃대,태극기,태극기,EA,YES
000348,,태극기 차량용깃대 조립,[제품],30*20 차량용 깃대,태극기,태극기,EA,YES
00035,,태극기 정기본염삼발이 SET,[제품],135*90,태극기,태극기,,YES
000351,,태극기 깃대조립 SET,[제품],3구 R-150(135*90),태극기,태극기,EA,YES
000352,,태극기 깃대조립 SET,[제품],3구 R-150(120*80),태극기,태극기,EA,YES
000353,,태극기 깃대조립 SET,[제품],2구 R-150(90*60),태극기,태극기,EA,YES
000354,가정용함,태극기 가정용(지관)세트,[제품],90*60,태극기,태극기,EA,YES
000355,가정용함,태극기 가정용(지관)세트,[제품],90*60꽂이포함,태극기,태극기,EA,YES
000356,가정용함,태극기 가정용 함세트(중급형),[제품],90*60,태극기,태극기,EA,YES
000357,가정용함,태극기 가정용 함세트(보급형),[제품],90*60,태극기,태극기,EA,YES
000358,,태극기 정기본염-깃발만,[제품],135*90,태극기,태극기,EA,YES
000359,,깃발-정기본염삼발이 SET,[제품],135*90,깃발,전사,EA,YES
00036,,태극기,[제품],,태극기,태극기,,YES
000360,,원형 SET,[제품],135*90,깃발,전사,EA,YES
000361,,태극기 정기자수-깃발만,[제품],135*90,태극기,태극기,EA,YES
000362,,태극기 정기자수삼발이 SET,[제품],135*90,태극기,태극기,EA,YES
000363,,태극기 정기 자수 원형 SET,[제품],135*90,태극기,태극기,EA,YES
000364,,근조기 자수 삼발이 SET,[제품],80*115,깃발,전사,EA,YES
000365,,미니 근조기 자수 원형 SET,[제품],50*75,깃발,전사,EA,YES
000366,,금/ 은수술,[원재료],,전사자재,전사,EA,YES
000367,,봉황(앞/뒤),[원재료],,전사자재,전사,EA,YES
000369,,좌우보필형,[제품],30*45,전사자재,전사,EA,YES
00037,,가로기 깃대조립,[제품],R-150(3구),깃발,전사,EA,YES
000370,,좌우보필형,[제품],60*40,전사자재,전사,EA,YES
000372,,새마을기 4호,[제품],225*150,새마을기,태극기,EA,YES
000373,,새마을기 5호,[제품],180*120,새마을기,태극기,EA,YES
000374,,새마을기 7호(2구 게양용),[제품],135*90,새마을기,태극기,EA,YES
000375,,새마을기 7호-1,[제품],120*80,새마을기,태극기,EA,YES
000376,,새마을기 8호,[제품],90*60,새마을기,태극기,EA,YES
000377,,무재해기 7호(게양용),[제품],135*90,깃발,전사,EA,YES
000378,,무재해기 7호-1,[제품],120*80,깃발,전사,EA,YES
000379,,무재해기 8호,[제품],90*60,깃발,전사,EA,YES
00038,,수기,[제품],,깃발,전사,,YES
000383,,노인회기 7호,[제품],135*90,깃발,전사,EA,YES
000384,,노인회기 7호-1,[제품],120*80,깃발,전사,EA,YES
000385,,노인회기 8호,[제품],90*60,깃발,전사,EA,YES
000386,,민방위기 7호,[제품],135*90,민방위기,전사,EA,YES
000387,,민방위기 7호-1,[제품],120*80,민방위기,전사,EA,YES
000388,,민방위기 8호,[제품],90*60,민방위기,전사,EA,YES
00039,,탁상용(수술),[제품],30*20,깃발,전사,,YES
000390,태극기배너,태극기 배너,[제품],90*180,태극기,태극기,조,YES
000391,태극기배너,태극기 배너,[제품],70*180,태극기,태극기,조,YES
000392,태극기배너,태극기 배너,[제품],60*180,태극기,태극기,조,YES
000393,태극기배너,태극기 배너,[제품],60*150,태극기,태극기,조,YES
000394,,민방위 깃대조립 3구,[제품],R-150(135*90),민방위기,전사,EA,YES
000395,,민방위 깃대조립 3구,[제품],R-150(120*80),민방위기,전사,EA,YES
000396,,민방위 깃대조립 2구,[제품],R-150(90*60),민방위기,전사,EA,YES
000397,,새마을기 깃대조립 3구,[제품],R-150(135*90),새마을기,태극기,EA,YES
000398,,새마을기 깃대조립 3구,[제품],R-150(120*80),새마을기,태극기,EA,YES
000399,,새마을기 깃대조립 2구,[제품],R-150(90*60),새마을기,태극기,EA,YES
00040,,포장박스,[원재료],,원재료,전사,,YES
000400,,회전고리,[원재료],15￠,전사자재,전사,EA,YES
000401,,회전고리,[원재료],18￠,전사자재,전사,EA,YES
000402,,중간링(중간고리),[원재료],,전사자재,전사,EA,YES
000403,,R-3단 깃대,[반제품],완창,전사자재,전사,EA,YES
000404,,R-3단 깃대,[원재료],동우,전사자재,전사,EA,YES
000407,가로깃대,R-1단 깃대,[부재료],R-1500mm,전사자재,전사,EA,YES
000409,,가정용 막봉,[원재료],P-3단용(노란색),전사자재,전사,EA,YES
000410,,그라스화이바(3M),[원재료],,깃발,전사,EA,YES
000411,,황금봉,[원재료],가정용,전사자재,전사,EA,YES
000412,,황금봉,[원재료],가로기,전사자재,전사,EA,YES
000413,,수기대,[원재료],p-40 깃대만,전사자재,전사,EA,YES
000414,,수기대,[원재료],p-50 깃대만,전사자재,전사,EA,YES
000415,,수기대,[원재료],p-60 깃대만,전사자재,전사,EA,YES
000416,,황금봉,[원재료],수기대,전사자재,전사,EA,YES
000417,,차량용깃대+봉,[원재료],,전사자재,전사,EA,YES
000418,,자전거용깃대,[원재료],(앞),전사자재,전사,EA,YES
000419,,자전거용깃대,[원재료],(뒤),전사자재,전사,EA,YES
00042,,새마을기 4호,[상품],210*140,새마을기,전사,,YES
000420,,오토바이용깃대,[원재료],(앞),전사자재,전사,EA,YES
000421,,오토바이용깃대,[원재료],(뒤),전사자재,전사,EA,YES
000422,,스텐1구,[원재료],,전사자재,전사,EA,YES
000423,,스텐2구,[원재료],,전사자재,전사,EA,YES
000424,,P-1구 꽂이,[원재료],(파랑색),전사자재,전사,EA,YES
000425,,R-꽂이(ㄷ자),[원재료],,전사자재,전사,EA,YES
000426,,가로등배너대(배너대),[원재료],,전사자재,전사,EA,YES
000427,,가로등배너대(클램프),[원재료],,전사자재,전사,EA,YES
000428,캡,가로등배너대(검정마개),[원재료],,전사자재,전사,EA,YES
000429,,인치밴드,[원재료],4인치,전사자재,전사,EA,YES
00043,,UV그레이후렉스,[제품],,UV출력,UV,,YES
000430,,인치밴드,[원재료],5인치,전사자재,전사,EA,YES
000431,,인치밴드,[원재료],6인치,전사자재,전사,EA,YES
000432,,인치밴드,[원재료],7인치,전사자재,전사,EA,YES
000433,,인치밴드,[원재료],8인치,전사자재,전사,EA,YES
000434,,인치밴드,[원재료],9인치,전사자재,전사,EA,YES
000435,,인치밴드,[원재료],10인치,전사자재,전사,EA,YES
000436,,인치밴드,[원재료],11인치,전사자재,전사,EA,YES
000437,,인치밴드,[원재료],12인치,전사자재,전사,EA,YES
000438,,인치밴드,[원재료],13인치,전사자재,전사,EA,YES
000439,,인치밴드,[원재료],14인치,전사자재,전사,EA,YES
000440,,태극기자수,[원재료],,태극기,태극기,EA,YES
000441,,근조기깃대 + 창,[원재료],,전사자재,전사,EA,YES
000442,,근조기깃대,[원재료],,전사자재,전사,EA,YES
000443,,창,[원재료],,전사자재,전사,EA,YES
000444,,삼발이받침대,[원재료],,전사자재,전사,EA,YES
000445,,원형받침대,[원재료],,전사자재,전사,EA,YES
000446,,황금봉,[원재료],정기,전사자재,전사,EA,YES
000447,,정기수술(노사단),[원재료],,전사자재,전사,30YD,YES
000448,,정기수술방울,[원재료],,전사자재,전사,EA,YES
000449,,정기가방,[원재료],,전사자재,전사,EA,YES
00045,,퀵비,[무형상품],,"용차,퀵",기타,,YES
000451,,약기용(노무단),[원재료],,전사자재,전사,50YD,YES
000452,,1구(받침대+대),[원재료],,전사자재,전사,EA,YES
000453,,2구(받침대+대),[원재료],,전사자재,전사,EA,YES
000454,멕기,맥기박스,[원재료],,전사자재,전사,EA,YES
000455,,좌우보필형액자,[원재료],소,전사자재,전사,EA,YES
000456,,좌우보필형액자,[원재료],대,전사자재,전사,EA,YES
000457,,가정용함(P),[원재료],,전사자재,전사,EA,YES
000458,,가정용함(지관),[원재료],,전사자재,전사,EA,YES
000459,,지관캡(위),[원재료],,전사자재,전사,EA,YES
000460,,현수막 1코팅-게릴라(h),[원재료],90폭,실사원단(수성/솔벤),영업부,YD,YES
00047,가정용깃대,P-3단 깃대,[반제품],가정용,전사자재,전사,,YES
00047-1,가로깃대,R-1단깃대,[부재료],R-1450mm,전사자재,태극기,ea,YES
00047-2,가로깃대,R-1단깃대,[부재료],R-1300mm,전사자재,태극기,ea,YES
00048,,UV암막천,[제품],,UV출력,UV,,YES
00049,,운임비,[무형상품],,"용차,퀵",기타,,YES
00050,,대형태극기,[제품],,태극기,태극기,,YES
00053,,깃대조립(차량용),[제품],,깃발,전사,,YES
00054,,에어간판천갈이,[제품],,에어간판,전사,,YES
00055,,에어간판(완제품),[제품],80*300,에어간판,간판,,YES
00056,,워킹배너,[제품],F형,윈드배너,전사,,YES
00057,윈드배너천 윈드천,윈드배너,[제품],,윈드배너,전사,EA,YES
00058,,평판,[제품],,평판출력,UV,,YES
00059,,만국기,[제품],,깃발,전사,,YES
00060,,정기 자수 삼발이 SET,[제품],,깃발,전사,EA,YES
00061,,정기 자수 원형 SET,[제품],,깃발,전사,,YES
00062,가정용깃대조립,P-3단 깃대조립,[제품],,깃발,전사,,YES
000630,,부직포원단,[원재료],90,실사원단(수성/솔벤),영업부,롤,YES
000630-1,,부직포원단,[원재료],60,실사원단(수성/솔벤),영업부,롤,YES
000631,,부직포원단,[원재료],127폭,실사원단(수성/솔벤),영업부,롤,YES
000632,,부직포원단,[원재료],152폭,실사원단(수성/솔벤),영업부,롤,YES
000633,,부직포원단,[원재료],180폭,실사원단(수성/솔벤),영업부,롤,YES
000664,윈드배너천 윈드천,윈드배너(S형),[제품],80*380,윈드배너,전사,EA,YES
000665,윈드배너천 윈드천,윈드배너(S형),[제품],70*300,윈드배너,전사,EA,YES
000666,윈드배너천 윈드천,윈드배너(S형),[제품],65*195,윈드배너,전사,EA,YES
000667,윈드배너천 윈드천,윈드배너(F형),[제품],110*380,윈드배너,전사,EA,YES
000668,윈드배너천 윈드천,윈드배너(F형),[제품],105*267,윈드배너,전사,EA,YES
000669,윈드배너천 윈드천,윈드배너(F형),[제품],76*180,윈드배너,전사,EA,YES
000670,에어간판통,에어간판통,[원재료],800,에어간판,간판,,YES
000672,,에어간판LED,[원재료],,에어간판,간판,EA,YES
000673,,에어간판천,[원재료],133폭,전사원단,간판,YD,YES
000674,,가로등배너,[제품],60*180,가로등배너,전사,EA,YES
000675,,가로등배너,[제품],60*150,가로등배너,전사,EA,YES
000676,,가로등배너,[제품],70*150,가로등배너,전사,EA,YES
000677,,수기대조립 SET,[제품],수기 p-40,깃발,전사,EA,YES
000678,,수기대조립 SET,[제품],수기 p-50,깃발,전사,EA,YES
000679,,수기대조립 SET,[제품],수기 p-60,깃발,전사,EA,YES
000680,,수기대조립 SET,[제품],수기 p-70,깃발,전사,EA,YES
000682,,실외배너 물통SET (복배너),[상품],60*180,배너대,영업부,EA,YES
000683,실내배너,실내용배너 NT 180,[상품],60*180,배너대,영업부,EA,YES
000684,,양고리폴대,[부재료],60*180,배너대,영업부,EA,YES
000685,,실내배너(W),[상품],60*180,배너대,영업부,EA,YES
000686,,원형족자봉-3m,[상품],21Ø/3m,배너대,영업부,EA,YES
000688,,연결봉,[상품],애니바,배너대,영업부,EA,YES
000689,,사각족자봉마개,[부재료],그레이,배너대,영업부,EA,YES
000690,,사각족자봉마개,[부재료],크롬,배너대,영업부,EA,YES
000691,,사각족자봉-3m,[상품],21파이,배너대,영업부,EA,YES
000692,,족자봉고리,[부재료],,배너대,영업부,EA,YES
000693,,원형족자봉마개,[부재료],21Ø,배너대,영업부,EA,YES
000694,족자봉,족자봉 쫄대,[원재료],1m,배너대,영업부,EA,YES
000695,,등신대,[상품],1450,배너대,영업부,EA,YES
000700,,포맥스 1T,[제품],,평판출력,UV,,YES
000701,,포맥스 2T,[제품],,평판출력,UV,,YES
000702,,포맥스 3T,[제품],,평판출력,UV,,YES
000703,,포맥스 5T,[제품],,평판출력,UV,,YES
000704,,포맥스 8T,[제품],,평판출력,UV,,YES
000705,,포맥스 10T,[제품],,평판출력,UV,,YES
000706,,알마이트 2T,[제품],,평판출력,UV,,YES
000707,,알마이트 3T,[제품],,평판출력,UV,,YES
000708,,아크릴 2T,[제품],,평판출력,UV,,YES
000709,,아크릴 3T,[제품],,평판출력,UV,,YES
000710,,아크릴 5T,[제품],,평판출력,UV,,YES
000711,,아크릴 8T,[제품],,평판출력,UV,,YES
000712,,아크릴 10T,[제품],,평판출력,UV,,YES
000713,,광확산PC 1.8T,[제품],,평판출력,UV,,YES
000714,,광확산PC 2T,[제품],,평판출력,UV,,YES
000715,,광확산PC 2.8T,[제품],,평판출력,UV,,YES
000716,,광확산PC 3T,[제품],,평판출력,UV,,YES
000717,,광확산PC 4.5T,[제품],,평판출력,UV,,YES
000718,,광확산PC 5T,[제품],,평판출력,UV,,YES
000719,,UV시트,[제품],,UV출력,UV,,YES
000720,,UV그레이시트,[제품],,UV출력,UV,,YES
000721,,UV랩핑시트,[제품],,UV출력,UV,,YES
000722,,UV투명시트-1WAY,[제품],,UV출력,UV,,YES
000723,,UV투명시트-2WAY,[제품],,UV출력,UV,,YES
000724,,UV투명시트-3WAY,[제품],,UV출력,UV,,YES
000725,,UV투명시트-C,[제품],,UV출력,UV,,YES
000726,,UV-LG시트-1WAY,[제품],,UV출력,UV,,YES
000727,,UV-LG시트-2WAY,[제품],,UV출력,UV,,YES
000728,,UV-LG시트-3WAY,[제품],,UV출력,UV,,YES
000730,,솔벤타공시트,[제품],,솔벤출력,UV,,YES
000731,,UV클리어필름-1WAY,[제품],,UV출력,UV,,YES
000732,,UV클리어필름-2WAY,[제품],,UV출력,UV,,YES
000733,,UV클리어필름-3WAY,[제품],,UV출력,UV,,YES
000734,,UV클리어필름-C,[제품],,UV출력,UV,,YES
000735,,UV투명패트-1WAY,[제품],,UV출력,UV,,YES
000736,,UV투명패트-2WAY,[제품],,UV출력,UV,,YES
000737,,UV투명패트-3WAY,[제품],,UV출력,UV,,YES
000738,,UV투명패트-C,[제품],,UV출력,UV,,YES
000739,,UV엠보시트-1WAY,[제품],,UV출력,UV,,YES
000740,,UV엠보시트-2WAY,[제품],,UV출력,UV,,YES
000741,,UV엠보시트-3WAY,[제품],,UV출력,UV,,YES
000742,,와이드컬러(백릿),[제품],,UV출력,UV,,YES
000743,,UV현수막,[제품],,UV출력,UV,,YES
000744,,UV매쉬,[제품],,UV출력,UV,,YES
000745,,UV텐트천,[제품],,UV출력,UV,,YES
000746,,UV후렉스,[제품],,UV출력,UV,,YES
000748,,UV양면배너,[제품],,UV출력,UV,,YES
000749,,UV일반반사(국산),[제품],,UV출력,UV,,YES
000750,,UV일반반사(3M),[제품],,UV출력,UV,,YES
000751,프리즘반사,UV고휘도반사,[제품],,UV출력,UV,,YES
000752,,UV뽀닥(직물형),[제품],,UV출력,UV,,YES
000753,,UV뽀닥(호일형),[제품],,UV출력,UV,,YES
000754,,UV패트배너,[제품],,UV출력,UV,,YES
000755,,UV자석시트,[제품],,UV출력,UV,,YES
000756,,UV매쉬배너,[제품],,UV출력,UV,,YES
000757,,UV투명패트배너,[제품],,UV출력,UV,,YES
000758,,UV포맥스-1WAY,[제품],,UV출력,UV,,YES
000759,,UV포맥스-2WAY,[제품],,UV출력,UV,,YES
000761,,UV배면평판-1WAY,[제품],,UV출력,UV,,YES
000762,,UV배면평판-2WAY,[제품],,UV출력,UV,,YES
000763,,UV배면평판-3WAY,[제품],,UV출력,UV,,YES
000764,,타포린,[제품],,UV출력,UV,,YES
000766,,솔벤현수막,[제품],,솔벤출력,UV,,YES
000767,,솔벤매쉬,[제품],,솔벤출력,UV,,YES
000768,,솔벤텐트천,[제품],,솔벤출력,UV,,YES
000769,,솔벤후렉스,[제품],,솔벤출력,UV,,YES
000770,,하이브리드현수막,[제품],,UV출력,현수막,,YES
000771,솔벤캔버스,솔벤켄버스,[제품],,솔벤출력,UV,,YES
000772,,솔벤매쉬배너,[제품],,솔벤출력,UV,,YES
000773,,솔벤시트,[제품],,솔벤출력,UV,,YES
000774,,솔벤그레이시트,[제품],,솔벤출력,UV,,YES
000775,,솔벤랩핑시트,[제품],,솔벤출력,UV,,YES
000776,,켈,[제품],,켈(PVC),UV,,YES
000777,켈그레이,그레이켈,[제품],,켈(PVC),UV,,YES
000778,,합성지,[제품],,켈(PVC),UV,,YES
000779,,패트,[제품],,패트,현수막,,YES
000781,,텐트천,[제품],,UV출력,UV,,YES
000782,,자작나무6T,[제품],,평판출력,UV,,YES
000783,,자작나무9T,[제품],,평판출력,UV,,YES
000784,,자작나무12T,[제품],,평판출력,UV,,YES
000785,,자작나무15T,[제품],,평판출력,UV,,YES
000786,,자작나무18T,[제품],,평판출력,UV,,YES
000791,,열승화 매쉬,[원재료],127폭,전사원단,전사,YD,YES
10000,,정기본염-깃발만,[제품],135*90,깃발,전사,,YES
10001,자이언트배너천,자이언트배너,[제품],110*330,윈드배너,전사,,YES
10002,자이언트배너천,자이언트배너,[제품],120*400,윈드배너,전사,,YES
10003,,S-1구 꽂이,[원재료],,전사자재,전사,,YES
10004,,S-2구 꽂이,[원재료],,전사자재,전사,,YES
10005,,설치비,[무형상품],,설치비,간판,,YES
10006,,시트컷팅,[제품],,평판출력,UV,,YES
10007,,폼보드 5T,[원재료],4*8,평판,영업부,,YES
10008,,폼보드 5T,[제품],,평판출력,UV,,YES
10009,,판재재단비,[무형상품],,평판출력,UV,,YES
10012,,솔벤 현수막,[원재료],127폭,실사원단(수성/솔벤),영업부,yd,YES
10013,,솔벤 현수막,[원재료],150폭,실사원단(수성/솔벤),영업부,yd,YES
10014,,솔벤 현수막,[원재료],90폭,실사원단(수성/솔벤),영업부,yd,YES
10017,,계양기로프,[상품],6mm,부자재,태극기,,YES
10018,,계양기로프,[상품],8mm,부자재,태극기,,YES
10019,,청사초롱,[제품],68*60,깃발,전사,,YES
10020,,솔벤 현수막,[원재료],180폭,실사원단(수성/솔벤),영업부,yd,YES
10022,,솔벤패트-나투라,[원재료],60폭,시트(수성/솔벤),영업부,,YES
10023,,솔벤패트-나투라,[원재료],127폭,시트(수성/솔벤),영업부,,YES
10025,,A4자석액자-테이프 부착식,[상품],210*297/ 검은색/흰색,배너대,영업부,ea,YES
10027,,큐방,[상품],40파이(24호)-봉지,부자재,영업부,봉지,YES
10028,,전사 부직포,[원재료],"백색,검정색",원재료,전사,,YES
10029,,전사 부직포,[원재료],기타색상,원재료,전사,,YES
10030,확산렌즈형,LED 3구(백색),[상품],1W,간판자재,영업부,ea,YES
10032,,국기봉-금봉(막봉),[상품],,전사자재,태극기,,YES
10034,,국기봉-반고리용(노랑색),[상품],,전사자재,태극기,,YES
10037,렌즈형,LED 3구(웜),[상품],1W,간판자재,영업부,ea,YES
10038,,A3자석액자-테이프 부착식,[상품],297*420,배너대,영업부,,YES
10039,,영구용태극기,[상품],290*150,태극기,태극기,,YES
10043,,합성지(비접착),[제품],,켈(PVC),UV,,YES
10044,,영업부기타(사용시수정),[무형상품],,부자재,영업부,,YES
10045,,멕기(1구),[상품],,전사자재,전사,,YES
10046,,멕기(2구),[상품],,전사자재,전사,,YES
10047,각목나무-부자재,각목나무,[원재료],90폭/단,부자재,영업부,1단(24~25개),YES
10049,타이머,타이머,[상품],scb-20/형광등 40개용,간판자재,영업부,ea,YES
10050,,깃발-정기본염원형 SET,[상품],135*90,깃발,전사,,YES
10051,메뉴판,액자,[상품],,전사자재,간판,,YES
10052,,퀵비+버스비,[무형상품],,"용차,퀵",기타,,YES
10053,정기 창깃대,정기 창깃대,[부재료],,전사자재,전사,,YES
10055,철제배너,철제배너- 물통SET-TSO,[상품],60*180,배너대,영업부,ea,YES
10056,실내배너,실내형 철제배너-SD-T,[상품],60*180,부자재,영업부,ea,YES
10057,하도매알-와셔(암놈),하도매알-와셔,[원재료],,부자재,영업부,암놈,YES
10058,,부자재,[상품],,부자재,영업부,,YES
10060,,영기,[상품],,깃발,전사,,YES
10062,,용차비,[상품],,"용차,퀵",전사,,YES
10064,,LED형광등,[원재료],20W-단면,간판자재,영업부,ea,YES
10066,중바(하바),중바,[원재료],,간판자재,간판,,YES
10068,반품,반품,[무형상품],,"기타, 할인",기타,,YES
10069,,수성 텐트천,[원재료],150폭,실사원단(수성/솔벤),현수막,yd,YES
10072,철제배너,철제배너 물통set-NTO,[상품],60*180/브라켓 호환안됨,배너대,영업부,ea,YES
10074,,태극기 정기본염원형 SET,[제품],135*90,태극기,태극기,,YES
10075,,할인,[무형상품],,"기타, 할인",기타,,YES
10076,울트라시트,울트라시트,[상품],100폭,시트(수성/솔벤),영업부,ea,YES
10077,본드,돼지표본드,[원재료],3kg,부자재,간판,ea,YES
10080,포인트간판,포인트간판-스탠800,[상품],800,간판,영업부,ea,YES
10081,스태풀,스태풀,[상품],710MAH,간판자재,,,YES
10082,,민방위기 6호,[상품],153*102,민방위기,태극기,,YES
10083,매직페브릭,매직 페브릭,[원재료],160폭,실사원단(수성/솔벤),UV,롤,YES
10084,매직페브릭,매직 페브릭,[원재료],180폭,실사원단(수성/솔벤),UV,롤,YES
10085,매직페브릭,매직 페브릭,[원재료],200폭,실사원단(수성/솔벤),UV,롤,YES
10086,,깃발 6호,[상품],153*102,깃발,전사,,YES
10087,솔벤패트-TPM,UV 솔벤패트 점착,[상품],127폭,시트(수성/솔벤),영업부,ea,YES
10090,(자동손기계 하도매알),싱글아일렛,[상품],24호,부자재,영업부,봉지,YES
10091,,자이언트트라이폴4M,[상품],80*240,윈드배너,전사,EA,YES
10092,,비닐봉투,[원재료],,원재료,전사,EA,YES
10093,,깃발 5호,[상품],180*120,깃발,전사,,YES
10099,,태극기 정기본염-깃발만,[상품],120*80,태극기,태극기,,YES
10100,클리어필름,솔벤 클리어필름-C,[제품],,솔벤출력,UV,,YES
10102,,UV출력,[상품],,UV출력,UV,,YES
10103,,깃대조립(가로기)R-130(2구),[상품],,깃발,전사,,YES
10104,,가방(부직포),[부재료],,전사자재,전사,,YES
10105,등신대,등신대,[상품],150CM,배너대,영업부,EA,YES
10106,,접착패트(수성),[원재료],127폭,시트(수성/솔벤),현수막,ea,YES
10108,포인트간판,포인트간판-원형(PET),[상품],500,간판,영업부,ea,YES
10109,비닐,비닐만국기,[상품],30*20/50M,전사자재,태극기,EA,YES
10113,자이언트배너,자이언트 폴세트,[상품],5.4M,배너대,영업부,EA,YES
10116,,상패,[상품],,전사자재,전사,,YES
10117,,특근비,[무형상품],,"기타, 할인",기타,,YES
10118,,전사 부직포,[원재료],"110폭 백색,검정색",전사자재,전사,,YES
10119,,샘플,[상품],,"기타, 할인",전사,,YES
10120,,족자봉완제품,[상품],,전사자재,UV,,YES
10121,보조시트,LC2000,[상품],105폭,시트(수성/솔벤),영업부,,YES
10122,,소형탁상용깃대,[원재료],,전사자재,전사,,YES
10123,,소형탁상용받침,[원재료],,전사자재,전사,,YES
10124,,자전거깃대조립(뒷바퀴용),[상품],,깃발,전사,,YES
10125,투광기,LED투광기(백색/주광색)50W,[원재료],50W,간판자재,영업부,ea,YES
10126,포인트간판,포인트간판-원형(PET),[상품],600,간판,영업부,ea,YES
10128,,UV기타(사용시수정),[상품],,UV출력,UV,,YES
10129,매직페브릭,매직 페브릭,[원재료],260폭,실사원단(수성/솔벤),UV,롤,YES
10130,매직페브릭,매직 페브릭,[원재료],320폭,실사원단(수성/솔벤),UV,롤,YES
10131,,솔벤 현수막,[원재료],200폭,실사원단(수성/솔벤),영업부,yd,YES
10132,,솔벤 현수막,[원재료],250폭,실사원단(수성/솔벤),영업부,yd,YES
10133,,솔벤 현수막,[원재료],320폭,실사원단(수성/솔벤),영업부,yd,YES
10139,친환경,친환경 종이배너(황색),[원재료],127폭/32M,실사원단(수성/솔벤),현수막,ea,YES
10140,종이배너,종이배너,[제품],,현수막,현수막,,YES
10141,,전사기타,[제품],,전사자재,전사,,YES
10142,,수성 텐트천,[원재료],180폭,실사원단(수성/솔벤),현수막,yd,YES
10143,,LED형광등,[상품],28W-양면/돌출,간판자재,영업부,ea,YES
10147,클리어필름,클리어필름-UV,[제품],127폭,시트(수성/솔벤),UV,EA,YES
10148,,배송비,[무형상품],,"용차,퀵",기타,,YES
10149,친환경,친환경 종이배너(백색),[원재료],127폭/32M,실사원단(수성/솔벤),현수막,,YES
10150,,UV-투명패트,[원재료],127폭/30M,시트(수성/솔벤),UV,ea,YES
10151,시트,3M시트-PVC유광(J12TOC-10),[원재료],137폭/50m,시트(수성/솔벤),UV,ea,YES
10153,뽀닥,뽀닥시트-직물형,[원재료],137폭/30m,시트(수성/솔벤),UV,ea,YES
10154,뽀닥,뽀닥시트-알루미늄,[원재료],137폭/30M,시트(수성/솔벤),UV,ea,YES
10159,방염,방염 리무버블(솔벤),[원재료],137폭/50m,시트(수성/솔벤),UV,ea,YES
10160,,방염 코팅필름,[원재료],137폭/50m,시트(수성/솔벤),UV,ea,YES
10161,부품,엔코더 센서,[상품],,장비판매,영업부,ea,YES
10165,3M시트,IJ1210-10(백색),[원재료],127폭/50m,시트(수성/솔벤),UV,ea,YES
10166,3M시트,IJ1210-10(백색),[원재료],137폭/50m,시트(수성/솔벤),UV,ea,YES
10167,3M시트,IJ1210-10(백색),[원재료],152폭/50m,시트(수성/솔벤),UV,ea,YES
10168,3M시트,IJ1210G-10(회색),[원재료],137폭/50M,시트(수성/솔벤),UV,ea,YES
10169,3M시트,IJ1210G-10(회색),[원재료],127폭/50m,시트(수성/솔벤),UV,ea,YES
10170,3M시트,4150G over laminate(유광코팅),[원재료],137폭/50m,시트(수성/솔벤),UV,ea,YES
10170-1,3M시트,4150m over laminate(무광코팅),[원재료],137폭,간판자재,UV,ea,YES
10171,랩핑,3M랩핑시트-IJ1210C-10,[원재료],137폭/50m,시트(수성/솔벤),UV,ea,YES
10172,3M시트,IJ1210G-10(회색),[원재료],152폭/50m,시트(수성/솔벤),UV,ea,YES
10173,,차량용꽂이,[상품],,전사자재,태극기,,YES
10175,시트,시트-후렉스용(SF),[상품],150폭/50M,시트(수성/솔벤),영업부,ea,YES
10176,UV엑스트라,R50 UV 잉크-C,[원재료],2L,잉크,UV,EA,YES
10177,UV엑스트라,R50 UV 잉크-M,[원재료],2L,잉크,UV,EA,YES
10178,UV엑스트라,R50 UV 잉크-Y,[원재료],2L,잉크,UV,EA,YES
10179,UV엑스트라,R50 UV 잉크-K,[원재료],2L,잉크,UV,EA,YES
10182,UV엑스트라,R50 UV 잉크-W,[원재료],2L,잉크,UV,EA,YES
10184,블랙아웃시트-(농협 연두),LB9503NH,[상품],122폭,시트(수성/솔벤),영업부,EA,YES
10185,블랙아웃시트-(농협 청색),LB9661NH,[상품],122폭,시트(수성/솔벤),영업부,EA,YES
10189,TMS-HARD INK,평판잉크,[원재료],C,잉크,UV,L,YES
10190,TMS-HARD INK,평판잉크,[원재료],M,잉크,UV,L,YES
10191,TMS-HARD INK,평판잉크,[원재료],Y,잉크,UV,L,YES
10192,TMS-HARD INK,평판잉크,[원재료],K,잉크,UV,L,YES
10198,TMS-HARD INK,평판잉크,[원재료],W,잉크,UV,L,YES
10199,,발통-400,[원재료],1BOX-6EA,간판자재,간판,EA,YES
10200,,외국기배너,[제품],,깃발,전사,,YES
10201,아크릴,아크릴 3T 투명,[원재료],4*8,평판,UV,EA,YES
10202,아크릴,아크릴 3T 투명,[원재료],3*6,평판,UV,EA,YES
10203,솔벤잉크 솔루션,솔루션,[원재료],2L,부자재,UV,ea,YES
10204,F1-PRO UV잉크,UV잉크-I3200-C,[원재료],1L,잉크,UV,EA,YES
10205,F1-PRO UV잉크,UV잉크-I3200-M,[원재료],1L,잉크,UV,EA,YES
10206,F1-PRO UV잉크,UV잉크-I3200-Y,[원재료],1L,잉크,UV,EA,YES
10207,F1-PRO UV잉크,UV잉크-I3200-K,[원재료],1L,잉크,UV,EA,YES
10208,F1-PRO UV잉크,UV잉크-I3200-W,[원재료],1L,잉크,UV,EA,YES
10209,,윈드배너 사각베이스,[제품],,배너대,전사,,YES
10210,돌출,사각돌출 포인트간판(PET),[상품],정사각-550,간판자재,영업부,ea,YES
10211,윈드배너 부품,윈드베너 사각 베어링,[상품],,배너대,영업부,ea,YES
10212,,가로기 깃대,[부재료],R-130,전사자재,태극기,,YES
10213,UV1800폭 잉크,UV-l3200-ES C,[원재료],,잉크,UV,ea,YES
10214,UV1800폭 잉크,UV-l3200-ES K,[상품],,잉크,UV,ea,YES
10215,UV1800폭 잉크,UV-l3200-ES M,[원재료],,잉크,UV,ea,YES
10216,UV1800폭 잉크,UV-l3200-ES Y,[원재료],,잉크,UV,ea,YES
10217,UV1800폭 잉크,UV-l3200-ES w,[원재료],,잉크,UV,ea,YES
10218,복배너,복배너 중앙대,[상품],,배너대,영업부,ea,YES
10220,,태극기배너,[제품],,태극기,태극기,,YES
10221,타이머,전자 타이머,[상품],20A,간판자재,영업부,ea,YES
10222,타이머,전자 타이머,[상품],30A,간판자재,영업부,ea,YES
10223,타이머,전자 타이머,[상품],50A,간판자재,영업부,ea,YES
10225,안정기,전기 안정기,[상품],32w,간판자재,영업부,ea,YES
10226,,비닐수기태극기조립,[제품],27*18,태극기,태극기,,YES
10228,시트,시트-후렉스용(SF),[상품],130폭,시트(수성/솔벤),영업부,ea,YES
10229,,민방위 깃대조립 2구 [R-150(90*60)],[상품],,민방위기,전사,,YES
10230,,민방위 깃대조립 2구 [R-130(90*60)],[상품],,민방위기,전사,,YES
10231,철제배너,철제배너-브랏켓형 물통SET,[상품],60*150,배너대,영업부,ea,YES
10232,uv필름,uv투명필름 비점착,[상품],127폭,시트(수성/솔벤),영업부,ea,YES
10235,,UV클리어패트-1WAY,[제품],,UV출력,UV,,YES
10236,,UV클리어패트-2WAY,[제품],,UV출력,UV,,YES
10237,,UV클리어패트-3WAY,[제품],,UV출력,UV,,YES
10238,,새마을기 6호,[제품],153*102,새마을기,전사,,YES
10243,,국기함,[제품],,전사자재,태극기,,YES
10244,,깃발-정기자수,[상품],,깃발,전사,,YES
10245,,약기수실-1겹,[원재료],,전사자재,태극기,YD,YES
10246,uv필름,uv투명필름 점착,[상품],127폭,시트(수성/솔벤),영업부,ea,YES
10246-1,uv필름,uv투명필름 점착,[상품],152폭,시트(수성/솔벤),영업부,EA,YES
10247,,노랑봉,[원재료],수기대,전사자재,전사,EA,YES
10266,,현수막 2코팅,[상품],30폭,실사원단(수성/솔벤),영업부,yd,YES
10267,,현수막 2코팅,[상품],40폭,실사원단(수성/솔벤),영업부,yd,YES
10268,,현수막 2코팅,[상품],50폭,실사원단(수성/솔벤),영업부,yd,YES
10269,,현수막 2코팅,[상품],60폭,실사원단(수성/솔벤),영업부,yd,YES
10270,,현수막 2코팅,[상품],70폭,실사원단(수성/솔벤),영업부,yd,YES
10271,,현수막 2코팅,[상품],80폭,실사원단(수성/솔벤),영업부,yd,YES
10272,,현수막 2코팅,[상품],90폭,실사원단(수성/솔벤),영업부,yd,YES
10273,,현수막 2코팅,[상품],100폭,실사원단(수성/솔벤),영업부,yd,YES
10274,,현수막 2코팅,[상품],106폭,실사원단(수성/솔벤),영업부,yd,YES
10275,,현수막 2코팅,[상품],110폭,실사원단(수성/솔벤),영업부,yd,YES
10276,,현수막 2코팅,[상품],120폭,실사원단(수성/솔벤),영업부,yd,YES
10277,,현수막 2코팅,[상품],127폭,실사원단(수성/솔벤),영업부,yd,YES
10278,,현수막 2코팅,[상품],130폭,실사원단(수성/솔벤),영업부,yd,YES
10279,,현수막 2코팅,[상품],140폭,실사원단(수성/솔벤),영업부,yd,YES
10280,,현수막 2코팅,[상품],152폭,실사원단(수성/솔벤),영업부,yd,YES
10281,,현수막 2코팅,[상품],160폭,실사원단(수성/솔벤),영업부,yd,YES
10282,,현수막 2코팅,[상품],170폭,실사원단(수성/솔벤),영업부,yd,YES
10283,,현수막 2코팅,[상품],180폭,실사원단(수성/솔벤),영업부,yd,YES
10284,,현수막 2코팅,[상품],137폭,실사원단(수성/솔벤),영업부,yd,YES
10286,투명시트,UV투명75 리무벌,[원재료],127폭-50M,시트(수성/솔벤),UV,EA,YES
10287,투명시트,UV투명75 리무벌,[원재료],152폭-50M,시트(수성/솔벤),UV,EA,YES
10289,자이언트배너천,자이언트배너,[상품],80*240,윈드배너,전사,,YES
10290,,고무자석시트-일반(0.8T),[상품],60폭/10m,시트(수성/솔벤),영업부,ea,YES
10291,,열승화 폰지,[원재료],130폭,전사원단,전사,yd,YES
10292,,차량용태극기,[상품],30*20,태극기,태극기,,YES
10294,pc,PC 투명,[원재료],5t,시트(수성/솔벤),간판,장,YES
10295,PC,PC 투명,[원재료],2t,시트(수성/솔벤),간판,장,YES
10296,PC,PC 투명,[원재료],3T,시트(수성/솔벤),간판,장,YES
10298,,기타,[상품],,"기타, 할인",기타,,YES
10300,,청사초롱 틀,[상품],,전사자재,전사,,YES
10301,롤업배너,롤업배너,[상품],120*180~240,배너대,영업부,ea,YES
10302,윈드배너 사각,윈드배너 사각,[상품],70*300,배너대,영업부,ea,YES
10303,롤업배너,롤업배너,[상품],85*160,배너대,영업부,ea,YES
10306,,시트-후렉스용(SF),[상품],90폭,시트(수성/솔벤),간판,ea,YES
10311,,깃발4호-1,[상품],210*140,깃발,전사,,YES
10316,,수성 텐트천,[상품],127폭,실사원단(수성/솔벤),영업부,yd,YES
10321,,열승화 폰지,[원재료],180폭,전사원단,전사,yd,YES
10336,,열승화 폰지,[원재료],155폭,전사원단,전사,yd,YES
10337,,열승화 폰지,[원재료],95폭,전사원단,전사,yd,YES
10338,,열승화 폰지,[원재료],85폭,전사원단,전사,yd,YES
10340,,솔벤 텐트천-300D,[상품],152폭,실사원단(수성/솔벤),영업부,YD,YES
10341,캔퍼스,수성-캔퍼스천,[상품],127폭,실사원단(수성/솔벤),영업부,,YES
10343,,수성 텐트천,[상품],90폭,실사원단(수성/솔벤),영업부,,YES
10344,실내배너,실내배너(white),[상품],60*180,배너대,영업부,ea,YES
10345,A형철제 입간판,A형철제 입간판,[상품],58*78/양면/개폐식,배너대,영업부,ea,YES
10348,,솔벤 텐트천-300D,[상품],250폭,실사원단(수성/솔벤),UV,,YES
10349,,솔벤 텐트천-300D,[상품],320폭,실사원단(수성/솔벤),UV,,YES
10352,,솔벤 텐트천-300D,[상품],200폭,실사원단(수성/솔벤),영업부,,YES
10357,투광기,LED투광기-(백색/백색),[원재료],35W,간판자재,영업부,ea,YES
10358,각목,각목,[상품],100폭,부자재,현수막,ea,YES
10360,,현수막 2코팅,[원재료],70폭-250yd,실사원단(수성/솔벤),현수막,,YES
10363,,실외배너 물통SET (복배너) /양면,[상품],60*180,배너대,영업부,EA,YES
10364,,친환경 현수막,[원재료],90폭,실사원단(수성/솔벤),영업부,yd,YES
10365,,친환경 현수막,[상품],70폭,실사원단(수성/솔벤),영업부,yd,YES
10367,3M시트,IJ35C-10(차량용랩핑시트),[상품],137폭,시트(수성/솔벤),영업부,ea,YES
10369,led 배선,led 2p전선,[상품],흰색/적색,간판자재,영업부,ea,YES
10370,원단1,무광 코팅지 자동용(45m/180g)-호홍,[상품],60폭/45M,시트(수성/솔벤),영업부,ea,YES
10371,원단1,무광 코팅지 자동용(45m/180g)-호홍,[상품],90폭/45m,시트(수성/솔벤),영업부,ea,YES
10372,원단1,무광 코팅지 자동용(45m/180g)-호홍,[상품],127폭/45m,시트(수성/솔벤),영업부,ea,YES
10373,원단1,무광 코팅지 자동용(45m/180g)-호홍,[상품],157폭/45m,시트(수성/솔벤),영업부,ea,YES
10374,,솔벤그레이후렉스,[제품],,솔벤출력,UV,,YES
10375,,공업용랩,[원재료],20*1000*400,원재료,기타,롤,YES
10376,,"opp테이프, 국산라바, 투명",[원재료],50M,원재료,기타,BOX,YES
10377,,"opp테이프, 국산라바, 미색",[원재료],50M,원재료,기타,BOX,YES
10378,,지퍼(부직포가방제작용),[상품],,"기타, 할인",태극기,,YES
10380,원형족자봉,원형족자봉- 16Ø/3m,[상품],3m,부자재,현수막,ea,YES
10381,족자봉,족자봉 연결대,[상품],,부자재,현수막,ea,YES
10382,원형족자봉,원형족자봉 마개-16Ø,[상품],16Ø,부자재,현수막,ea,YES
10383,,롤블라인드-(수성텐트천),[상품],127폭/450D/칼재단 가능,실사원단(수성/솔벤),영업부,yd,YES
10386,,전용지,[상품],,시트(수성/솔벤),현수막,,YES
10387,,새마을기 3호,[상품],270*180,새마을기,태극기,EA,YES
10388,,민방위기3호,[상품],270*180,민방위기,태극기,EA,YES
10389,원단1,유광 코팅지 자동용(61m/120g)-호홍,[상품],127폭/61m,시트(수성/솔벤),영업부,ea,YES
10390,철제배너,철제배너 물통,[상품],600,배너대,영업부,ea,YES
10391,철제배너,철제배너 거치대,[상품],60*180,배너대,영업부,ea,YES
10392,철제배너,철제배너-브랏켓형 물통SET,[상품],60*120,배너대,영업부,ea,YES
10396,,정기후렌지,[부재료],,원재료,전사,필,YES
10398,,전사 부직포,[원재료],110폭 기타색상,전사자재,전사,,YES
10399,원형나무,원형나무,[상품],20mm/70폭/단,부자재,영업부,단,YES
10400,프라이머,평판잉크,[원재료],V,원재료,UV,,YES
10401,평판 크리닝 천,LINT-FREE,[원재료],,원재료,UV,,YES
10402,,머리띠,[상품],140*6,깃발,전사,,YES
10404,즉열인두기,즉열인두기,[상품],,부자재,영업부,set,YES
10405,칼날,즉열인두기 칼날,[상품],,부자재,영업부,ea,YES
10406,트러스트,통사각트러스트-150mm,[원재료],검정/7020mm,간판자재,간판,ea,YES
10406-1,통사각 마구리,통사각마구리,[원재료],150mm/검정,간판자재,간판,ea,YES
10407,에어타카총,에어타카총,[원재료],,간판자재,간판,ea,YES
10409,,광학산PC-8T,[원재료],4*8,시트(수성/솔벤),UV,ea,YES
10411,채널바,채널바,[원재료],80mm/흑색,간판자재,간판,ea,YES
10412,채널바,채널바,[원재료],80mm/백색,간판자재,간판,EA,YES
10413,채널바,채널바,[원재료],80mm/청색,간판자재,간판,EA,YES
10414,채널바,채널바,[원재료],80mm/적색,간판자재,간판,EA,YES
10415,채널바,채널바,[원재료],25mm/흑색,간판자재,간판,EA,YES
10416,채널바,채널바,[원재료],25mm/백색,간판자재,간판,EA,YES
10417,채널바,채널바,[원재료],25mm/청색,간판자재,간판,EA,YES
10418,채널바,채널바,[원재료],25mm/적색,간판자재,간판,EA,YES
10419,칼라피스,칼라피스,[원재료],검정색,원재료,간판,ea,YES
10420,칼라피스,칼라피스,[원재료],백색,원재료,간판,ea,YES
10421,칼라피스,칼라피스,[원재료],청색,원재료,간판,EA,YES
10422,칼라피스,칼라피스,[원재료],적색,원재료,간판,EA,YES
10423,삼발이+깃대세트,삼발이세트,[상품],,전사자재,태극기,,YES
10427,칼라철판,칼라철판 0.4T,[원재료],3*6,간판자재,UV,,YES
10428,수지,수지ST-백색,[원재료],,간판자재,UV,EA,YES
10429,수지,수지ST-검정,[원재료],,간판자재,UV,EA,YES
10432,LG시트,LDJ90DF,[상품],122폭,시트(수성/솔벤),영업부,EA,YES
10434,,채널 트러스바(흑색),[원재료],400mm*7M,간판자재,간판,,YES
10435,,채널바 옆마구리(흑색),[상품],400*100,간판자재,간판,,YES
10436,,채널 트러스바(흑색),[원재료],300mm*7M,간판자재,간판,,YES
10437,,채널바 옆마구리(흑색),[상품],300*100,간판자재,간판,,YES
10438,,트러스바 날개(흑색),[원재료],100mm*7M,간판자재,간판,,YES
10439,,KPL모듈 3구 백색,[상품],0.72W,간판자재,간판,,YES
10440,,캡바 HW-001-1(백색),[원재료],3M,간판자재,간판,,YES
10441,,캡바 HW-001-1(흑색),[원재료],3M,간판자재,간판,,YES
10442,,입체바 0.8T(백색),[원재료],80mm*3M,간판자재,간판,,YES
10443,,입체바 0.8T(흑색),[원재료],80mm*3M,간판자재,간판,,YES
10446,,채널바 옆마구리(흑색),[상품],200*100,간판자재,간판,,YES
10447,비조명 캘,PS5480KB,[원재료],122폭,시트(수성/솔벤),간판,M,YES
10448,블랙아웃시트-(KB 다크그레이),LB9706KB,[원재료],122폭,시트(수성/솔벤),간판,EA,YES
10449,비조명 캘,LA9489,[원재료],122폭,시트(수성/솔벤),간판,M,YES
10450,,바이어스,[원재료],,전사자재,전사,yd,YES
10451,,와이어컨넥터,[원재료],,간판자재,간판,BOX,YES
10452,,공장등 100W(비방수/AC),[원재료],체인형,간판자재,간판,,YES
10458,,프레임타카핀710,[원재료],,원재료,간판,,YES
10459,,깃발4호,[상품],225*150,깃발,전사,,YES
10460,,잔넬까치발,[원재료],50-2-4Φ,간판자재,간판,,YES
10462,,실리콘,[원재료],백색,부자재,간판,,YES
10464,,UL2468(#18)전선,[원재료],백/적*100M,간판자재,간판,,YES
10465,,점멸기-4단,[원재료],RGB/LED겸(1채널),간판자재,간판,,YES
10466,,점멸기,[원재료],RGB/LED겸(2채널),간판자재,간판,,YES
10467,,트러스바 날개(연회색),[원재료],100mm*7M,간판자재,간판,,YES
10469,,채널 트러스바(흑색),[원재료],250mm*7M,간판자재,간판,,YES
10470,,채널 트러스바(흑색),[원재료],200mm*7M,간판자재,간판,,YES
10471,,채널 트러스바(연회색),[원재료],300mm*7M,간판자재,간판,,YES
10472,,채널 트러스바(연회색),[원재료],250mm*7M,간판자재,간판,,YES
10473,,채널 트러스바(연회색),[원재료],200mm*7M,간판자재,간판,,YES
10474,,입체바 0.8T(황색),[원재료],80mm*3M,간판자재,간판,,YES
10475,,캡바 HW-001-1(황색),[원재료],3M,간판자재,간판,,YES
10476,칼라피스,칼라피스,[원재료],노랑,간판자재,간판,EA,YES
10477,칼라피스,칼라피스,[원재료],연두,간판자재,간판,EA,YES
10478,칼라피스,칼라피스,[원재료],주황,간판자재,간판,EA,YES
10479,칼라피스,칼라피스,[원재료],분홍,간판자재,간판,EA,YES
10480,칼라피스,칼라피스,[원재료],회색,간판자재,간판,EA,YES
10481,칼라피스,칼라피스,[원재료],녹색,간판자재,간판,EA,YES
10482,칼라피스,칼라피스,[원재료],밤색,간판자재,간판,EA,YES
10483,,고무판-10T(백색),[원재료],900*1800,간판자재,간판,,YES
10484,,고무판-10T(검정),[원재료],900*1800,간판자재,간판,,YES
10485,,고무판-20T(백색),[원재료],900*1800,간판자재,간판,,YES
10486,,지관 6인치,[상품],5T,간판자재,간판,,YES
10487,원터치 실내배너,원터치 실내배너,[상품],60*180,배너대,영업부,ea,YES
10488,솔벤1800폭,에코솔벤 잉크-C,[원재료],,잉크,UV,,YES
10489,솔벤1800폭,에코솔벤 잉크-M,[원재료],,잉크,UV,,YES
10490,솔벤1800폭,에코솔벤 잉크-Y,[원재료],,잉크,UV,,YES
10491,솔벤1800폭,에코솔벤 잉크-K,[원재료],,잉크,UV,,YES
10492,LG시트,LA9220,[원재료],122폭,시트(수성/솔벤),UV,ea,YES
10494,,입체바 0.8T(진청색),[원재료],80mm*3M,간판자재,간판,,YES
10495,,입체바 0.8T(녹색),[원재료],80mm*3M,간판자재,간판,,YES
10496,,입체바 0.8T(밤색),[원재료],80mm*3M,간판자재,간판,,YES
10497,,입체바 0.8T(연청),[원재료],80mm*3M,간판자재,간판,,YES
10498,,입체바 0.8T(연회색),[원재료],80mm*3M,간판자재,간판,,YES
10499,,입체바 0.8T(적색),[원재료],80mm*3M,간판자재,간판,,YES
10500,,입체바 0.8T(주황),[원재료],80mm*3M,간판자재,간판,,YES
10501,,입체바 0.8T(진핑크),[원재료],80mm*3M,간판자재,간판,,YES
10502,,입체바 0.8T(진회색),[원재료],80mm*3M,간판자재,간판,,YES
10503,,우레탄헤라,[원재료],175-74,부자재,영업부,,YES
10504,보강대,전45도(텐션보강대),[원재료],1BOX-1000EA,간판자재,간판,ea,YES
10505,알루미늄,알루미늄 판,[원재료],3*6/백색,간판자재,간판,ea,YES
10506,알루미늄,알루미늄 판,[원재료],3*6/검정,간판자재,간판,ea,YES
10507,,싸인탑 날개,[원재료],1BOX-200EA,간판자재,간판,EA,YES
10508,본드,LED본드,[원재료],투명,부자재,간판,ea,YES
10509,,광학산PC-5T,[원재료],4*8,시트(수성/솔벤),간판,ea,YES
10510,에폭시,에폭시 50mm,[원재료],,간판자재,간판,EA,YES
10511,에폭시,에폭시 60mm,[원재료],,간판자재,간판,ea,YES
10512,PC 투명,PC 투명,[원재료],1T/4*8,시트(수성/솔벤),UV,EA,YES
10518,,캡바 HW-001-1(진청색),[원재료],3M,간판자재,간판,,YES
10519,,캡바 HW-001-1(녹색),[원재료],3M,간판자재,간판,,YES
10520,,캡바 HW-001-1(밤색),[원재료],3M,간판자재,간판,,YES
10521,,캡바 HW-001-1(연두색),[원재료],3M,간판자재,간판,,YES
10522,,캡바 HW-001-1(연청색),[원재료],3M,간판자재,간판,,YES
10523,,캡바 HW-001-1(연회색),[원재료],3M,간판자재,간판,,YES
10524,,캡바 HW-001-1(적색),[원재료],3M,간판자재,간판,,YES
10525,,캡바 HW-001-1(주황색),[원재료],3M,간판자재,간판,,YES
10526,,캡바 HW-001-1(진핑크),[원재료],3M,간판자재,간판,,YES
10527,,캡바 HW-001-1(진회색),[원재료],3M,간판자재,간판,,YES
10528,,아연날개,[원재료],,간판자재,간판,,YES
10529,,채널지지대,[원재료],72mm,간판자재,간판,,YES
10530,,황금헤라,[원재료],,부자재,영업부,,YES
10531,렌즈형,LED 3구(RGB),[상품],1W,간판자재,영업부,ea,YES
10532,,입체바 0.8T(연두색),[원재료],80mm*3M,간판자재,간판,,YES
10533,,KIV 2.5(검정),[원재료],,간판자재,간판,,YES
10534,,KIV 2.5(백색),[원재료],,간판자재,간판,,YES
10535,,KIV 1.5(백색),[원재료],,간판자재,간판,,YES
10536,,크레인고리 (칼)고리,[원재료],,간판자재,간판,,YES
10537,,채널 트러스바(연회색),[원재료],150mm*7M,간판자재,간판,,YES
10538,,채널 트러스바(흑색),[원재료],150mm*7M,간판자재,간판,,YES
10539,,채널바 옆마구리(연회색),[원재료],150*100,간판자재,간판,,YES
10540,,채널바 옆마구리(연회색),[원재료],200*100,간판자재,간판,,YES
10541,,채널바 옆마구리(연회색),[원재료],250*100,간판자재,간판,,YES
10542,,채널바 옆마구리(연회색),[원재료],300*100,간판자재,간판,,YES
10543,,채널바 옆마구리(흑색),[원재료],150*100,간판자재,간판,,YES
10545,,채널바 옆마구리(흑색),[원재료],250*100,간판자재,간판,,YES
10548,UV엑스트라,R50 UV 잉크-FLUSH,[원재료],1L,잉크,UV,EA,YES
10549,,J341 칼날,[원재료],,부자재,UV,,YES
10550,,J311-1 칼날,[원재료],,부자재,UV,,YES
10551,,볼로프,[상품],3mm,부자재,영업부,마대,YES
10552,경관봉,경관봉-평면,[원재료],10mm/몸통3m,간판자재,간판,ea,YES
10553,경관봉,경관봉-평면,[원재료],10mm/PC커버3m,간판자재,간판,ea,YES
10554,경관봉,경관봉-평면,[원재료],10mm/마구리,간판자재,간판,ea,YES
10555,경관봉,경관봉-평면,[원재료],70mm/몸통3m,간판자재,간판,EA,YES
10556,경관봉,경관봉-평면,[원재료],70mm/PC커버3m,간판자재,간판,,YES
10557,,하드락 본드,[원재료],청색,간판자재,간판,ea,YES
10558,,하드락 본드,[원재료],적색,간판자재,간판,ea,YES
10559,보강대,채널 보강대,[원재료],,간판자재,간판,EA,YES
10560,카바,카바-검정,[원재료],,간판자재,간판,,YES
10565,,발통-1000,[원재료],1BOX-5EA,간판자재,간판,EA,YES
10566,,발통-300,[원재료],,간판자재,간판,EA,YES
10568,,가정용함(지관박스),[원재료],,전사자재,태극기,,YES
10570,수지,수지ST-녹색,[원재료],,간판자재,간판,EA,YES
10571,수지,수지ST-청색,[원재료],,간판자재,간판,ea,YES
10572,수지,수지ST-노랑,[원재료],,간판자재,간판,ea,YES
10573,투광기,투광기-30w,[원재료],노출/백색,간판자재,간판,ea,YES
10575,,상코너,[원재료],1BOX-150EA,간판자재,간판,EA,YES
10576,,태극기 정기자수삼발이SET,[상품],120*80,태극기,태극기,,YES
10578,,대봉투,[원재료],,간판자재,전사,,YES
10580,,솔벤캔버스,[상품],무광,실사원단(수성/솔벤),UV,1270*20M,YES
10581,원웨이필름,원웨이 필름,[원재료],1370*50M,시트(수성/솔벤),UV,,YES
10586,,가로기깃대,[상품],R150:3구,전사자재,태극기,,YES
10587,,샤틴,[원재료],160폭,전사원단,전사,YD,YES
10588,,열승화 매쉬,[원재료],160폭,전사원단,전사,YD,YES
10593,,프리즘 솔벤반사시트(백색),[원재료],94폭 50YD,시트(수성/솔벤),UV,,YES
10594,,프리즘 솔벤반사시트(백색),[원재료],122폭 50YD,시트(수성/솔벤),UV,,YES
10595,,솔벤 암막원단,[원재료],150폭,실사원단(수성/솔벤),UV,M,YES
10596,시트,3M일반 반사시트-610-10,[원재료],122폭,시트(수성/솔벤),UV,ea,YES
10600,다보,다보-은뿔SET,[원재료],플라스틱/15파이,부자재,간판,ea,YES
10601,,정기 거치대,[원재료],,전사자재,전사,,YES
10602,태극기원단,태극기 60*90,[원재료],T/P 51,태극기원단,태극기,두폭,YES
10603,태극기원단,태극기 80*120,[원재료],T/P 67,태극기원단,태극기,두폭,YES
10604,태극기원단,새마을기 90*135,[원재료],T/P 61,태극기원단,태극기,,YES
10605,태극기원단,노인회기 90*135,[원재료],T/P 55,태극기원단,태극기,,YES
10606,태극기원단,태극기 102*153,[원재료],T/P 65,태극기원단,태극기,,YES
10607,태극기원단,태극기 150*225,[원재료],T/P 64,태극기원단,태극기,YD,YES
10608,태극기원단,태극기 60*180,[원재료],T/P 51,태극기원단,태극기,YD,YES
10609,태극기원단,태극기 360*540 청색/홍색,[원재료],T/P 79,태극기원단,태극기,YD,YES
10610,태극기원단,"태극기 7,8호 복합",[원재료],T/P 63,태극기원단,태극기,YD,YES
10611,태극기원단,태극기 300*450 청색/홍색,[원재료],T/P 63,태극기원단,태극기,YD,YES
10612,태극기원단,새마을기 80*120,[원재료],T/P 51,태극기원단,태극기,,YES
10613,태극기원단,민방위기 80*120,[원재료],T/P 67,태극기원단,태극기,,YES
10614,태극기원단,민방위기 60*90,[원재료],T/P 51,태극기원단,태극기,,YES
10615,태극기원단,새마을기 60*90,[원재료],T/P 51,태극기원단,태극기,,YES
10616,태극기원단,태극기 180*270,[원재료],T/P 75,태극기원단,태극기,YD,YES
10617,태극기원단,태극기 200*300,[원재료],T/P 83,태극기원단,태극기,YD,YES
10618,태극기원단,매쉬 수기태극기,[원재료],콘라이크 63,태극기원단,태극기,YD,YES
10619,태극기원단,태극기 120*180,[원재료],T/P 51,태극기원단,태극기,YD,YES
10620,태극기원단,노인회기 80*120,[원재료],T/P 51,태극기원단,태극기,,YES
10621,태극기원단,민방위기 90*135,[원재료],T/P 55,태극기원단,태극기,,YES
10622,태극기원단,정운교역 나염주문(사용시 변경),[원재료],,태극기원단,태극기,YD,YES
10623,태극기원단,태극기 70*105,[원재료],T/P 64,태극기원단,태극기,YD,YES
A0002-1,,합성지-호홍,[상품],90폭,시트(수성/솔벤),영업부,EA,YES
A0002-2,,합성지-호홍,[상품],127폭,시트(수성/솔벤),영업부,EA,YES
A0006,,합성지-호홍,[상품],152폭,시트(수성/솔벤),영업부,EA,YES
A0007,,합성지 그레이-호홍,[상품],60폭,시트(수성/솔벤),영업부,EA,YES
A0008,,합성지 그레이-호홍,[상품],90폭,시트(수성/솔벤),영업부,EA,YES
A0009,,합성지 그레이-호홍,[상품],127폭,시트(수성/솔벤),영업부,EA,YES
A0010,,합성지 그레이-호홍,[상품],152폭,시트(수성/솔벤),영업부,EA,YES
A0011,원단1,켈(pvc)-호홍,[상품],60폭,시트(수성/솔벤),영업부,EA,YES
A0012,원단1,켈(pvc)-호홍,[상품],90폭,시트(수성/솔벤),영업부,EA,YES
A0013,원단1,켈(pvc)-호홍,[상품],127폭,시트(수성/솔벤),영업부,EA,YES
A0015,원단1,켈(pvc)-호홍,[상품],152폭,시트(수성/솔벤),영업부,EA,YES
A0016,원단1,켈(pvc)그레이-호홍,[상품],60폭,시트(수성/솔벤),영업부,EA,YES
A0017,원단1,켈(pvc)그레이-호홍,[상품],90폭,시트(수성/솔벤),영업부,EA,YES
A0018,원단1,켈(pvc)그레이-호홍,[상품],127폭,시트(수성/솔벤),영업부,EA,YES
A0019,원단1,켈(pvc)그레이-호홍,[상품],152폭,시트(수성/솔벤),영업부,EA,YES
A0020,,패트배너-호홍,[상품],60폭,시트(수성/솔벤),영업부,EA,YES
A0021,,패트배너-호홍,[상품],90폭,시트(수성/솔벤),영업부,EA,YES
A0022,,패트배너-호홍,[상품],127폭,시트(수성/솔벤),영업부,EA,YES
A0023,,패트배너-호홍,[상품],152폭,시트(수성/솔벤),영업부,EA,YES
A0025-1,원단1,무광 코팅지 자동용(45m/120g)-호홍,[상품],60폭,시트(수성/솔벤),영업부,EA,YES
A0025-2,원단1,무광 코팅지 자동용(61m/120g)-호홍(SJ),[상품],60폭,시트(수성/솔벤),영업부,EA,YES
A0026,원단1,무광 코팅지 자동용(45m/120g)-호홍,[상품],90폭,시트(수성/솔벤),영업부,EA,YES
A0028,원단1,무광 코팅지 자동용(61m/120g)-호홍,[상품],127폭,시트(수성/솔벤),영업부,EA,YES
A0029,원단1,무광 코팅지 자동용(45m/120g)-호홍,[상품],152폭,시트(수성/솔벤),영업부,EA,YES
A0030-1,호홍,솔벤 코팅지,[상품],90폭/50m,시트(수성/솔벤),현수막,ea,YES
A0030-2,호홍,솔벤 코팅지,[상품],127폭/50m,시트(수성/솔벤),현수막,ea,YES
A0030-3,호홍,솔벤 코팅지,[상품],152폭/50m,시트(수성/솔벤),현수막,ea,YES
A0043,원단1,수성 백릿(30m)-호홍,[상품],127폭,시트(수성/솔벤),영업부,EA,YES
A0044,원단1,수성 백릿(30m)-호홍,[상품],150폭,시트(수성/솔벤),영업부,EA,YES
A0128,원단,화이트보드용 코팅지(30m)-코인텍,[상품],127폭,시트(수성/솔벤),영업부,EA,YES
A0130,원단,양면코팅지(30m),[상품],127폭,시트(수성/솔벤),영업부,,YES
A0148,,합성지-호홍,[상품],60폭,시트(수성/솔벤),영업부,EA,YES
A0148-1,원단1,비점착 합성지(30m)-호홍,[상품],127폭/200g,시트(수성/솔벤),영업부,EA,YES
A0151-1,솔벤시트,SPM011G,[상품],90폭,시트(수성/솔벤),영업부,EA,YES
A0152,솔벤시트,SPM011G,[상품],105폭,시트(수성/솔벤),영업부,EA,YES
A0153,솔벤시트,SPM011G,[상품],127폭,시트(수성/솔벤),영업부,EA,YES
A0154,솔벤시트,SPM011G,[상품],137폭,시트(수성/솔벤),영업부,EA,YES
A0155,솔벤시트,SPM011G,[상품],150폭,시트(수성/솔벤),영업부,EA,YES
A0167,솔벤시트(그레이),SPM022G,[상품],105폭,시트(수성/솔벤),영업부,EA,YES
A0168,솔벤시트(그레이),SPM022G,[상품],127폭,시트(수성/솔벤),영업부,EA,YES
A0169,솔벤시트(그레이),SPM022G,[상품],137폭,시트(수성/솔벤),영업부,EA,YES
A0170,솔벤시트(그레이),SPM022G,[상품],150폭,시트(수성/솔벤),영업부,EA,YES
A0171,솔벤코팅지(무광),SPP031M,[상품],90폭,시트(수성/솔벤),영업부,EA,YES
A0172,솔벤코팅지(무광),SPP031M,[상품],105폭,시트(수성/솔벤),영업부,EA,YES
A0173,솔벤코팅지(무광),SPP031M,[상품],127폭,시트(수성/솔벤),영업부,EA,YES
A0174,솔벤코팅지(무광),SPP031M,[상품],137폭,시트(수성/솔벤),영업부,EA,YES
A0175,솔벤코팅지(무광),SPP031M,[상품],150폭,시트(수성/솔벤),영업부,EA,YES
A0176,솔벤코팅지(유광),SPP031G,[상품],90폭,시트(수성/솔벤),영업부,EA,YES
A0177,솔벤코팅지(유광),SPP031G,[상품],105폭,시트(수성/솔벤),영업부,EA,YES
A0178,솔벤코팅지(유광),SPP031G,[상품],127폭,시트(수성/솔벤),영업부,EA,YES
A0179,솔벤코팅지(유광),SPP031G,[상품],137폭,시트(수성/솔벤),영업부,EA,YES
A0180,솔벤코팅지(유광),SPP031G,[상품],150폭,시트(수성/솔벤),영업부,EA,YES
A0181,투명시트,SPC031G,[상품],105폭,시트(수성/솔벤),영업부,EA,YES
A0182,투명시트,SPC031G,[상품],127폭,시트(수성/솔벤),영업부,EA,YES
A0183,투명시트,SPC031G,[상품],137폭,시트(수성/솔벤),영업부,EA,YES
A0184,투명시트,SPC031G,[상품],150폭,시트(수성/솔벤),영업부,EA,YES
A0188,옥외랩핑용,SPE030A,[상품],137폭,시트(수성/솔벤),영업부,EA,YES
A0190,차량랩핑용,SPW035S,[상품],105폭,시트(수성/솔벤),영업부,EA,YES
A0191,차량랩핑용,SPW035S,[상품],137폭,시트(수성/솔벤),영업부,EA,YES
A0192,조명용시트,SPT031M,[상품],137폭,시트(수성/솔벤),영업부,EA,YES
A0193,시트-서울경금속,EP115,[상품],105폭,시트(수성/솔벤),영업부,EA,YES
A0194,시트-서울경금속,EP115,[상품],122폭,시트(수성/솔벤),영업부,EA,YES
A0195,시트-서울경금속,EP115,[상품],137폭,시트(수성/솔벤),영업부,EA,YES
A0198-1,시트-서울경금속,LW2800M,[상품],105폭,시트(수성/솔벤),영업부,EA,YES
A0198-2,시트-서울경금속,LW2800M,[상품],127폭,시트(수성/솔벤),영업부,EA,YES
A0198-3,시트-서울경금속,LW2800M,[상품],137폭,시트(수성/솔벤),영업부,EA,YES
A0198-4,시트-서울경금속,LW2800M,[상품],152폭,시트(수성/솔벤),영업부,EA,YES
A0213,후렉스,조명용 후렉스,[상품],92폭,실사원단(수성/솔벤),영업부,EA,YES
A0214,후렉스,조명용 후렉스,[상품],102폭,실사원단(수성/솔벤),영업부,EA,YES
A0215,후렉스,조명용 후렉스,[상품],112폭,실사원단(수성/솔벤),영업부,EA,YES
A0216,후렉스,조명용 후렉스,[상품],122폭,실사원단(수성/솔벤),영업부,EA,YES
A0217,후렉스,조명용 후렉스,[상품],132폭,실사원단(수성/솔벤),영업부,EA,YES
A0218,후렉스,조명용 후렉스,[상품],152폭,실사원단(수성/솔벤),영업부,EA,YES
A0219,후렉스,조명용 후렉스,[상품],162폭,실사원단(수성/솔벤),영업부,EA,YES
A0220,후렉스,조명용 후렉스,[상품],182폭,실사원단(수성/솔벤),영업부,EA,YES
A0221,후렉스,조명용 후렉스,[상품],202폭,실사원단(수성/솔벤),영업부,EA,YES
A0222,후렉스,조명용 후렉스,[상품],222폭,실사원단(수성/솔벤),영업부,EA,YES
A0223,후렉스,조명용 후렉스,[상품],250폭,실사원단(수성/솔벤),영업부,EA,YES
A0224,후렉스,조명용 후렉스,[상품],260폭,실사원단(수성/솔벤),영업부,EA,YES
A0225,후렉스,조명용 후렉스,[상품],320폭,실사원단(수성/솔벤),영업부,EA,YES
A0226,비조명용 후렉스,비조명용 후렉스,[상품],92폭,실사원단(수성/솔벤),영업부,EA,YES
A0227,비조명용 후렉스,비조명용 후렉스,[상품],102폭,실사원단(수성/솔벤),영업부,EA,YES
A0228,비조명용 후렉스,비조명용 후렉스,[상품],112폭,실사원단(수성/솔벤),영업부,EA,YES
A0229,비조명용 후렉스,비조명용 후렉스,[상품],122폭,실사원단(수성/솔벤),영업부,EA,YES
A0230,비조명용 후렉스,비조명용 후렉스,[상품],132폭,실사원단(수성/솔벤),영업부,EA,YES
A0231,비조명용 후렉스,비조명용 후렉스,[상품],152폭,실사원단(수성/솔벤),영업부,EA,YES
A0232,비조명용 후렉스,비조명용 후렉스,[상품],162폭,실사원단(수성/솔벤),영업부,EA,YES
A0233,비조명용 후렉스,비조명용 후렉스,[상품],182폭,실사원단(수성/솔벤),영업부,EA,YES
A0234,비조명용 후렉스,비조명용 후렉스,[상품],202폭,실사원단(수성/솔벤),영업부,EA,YES
A0235,비조명용 후렉스,비조명용 후렉스,[상품],222폭,실사원단(수성/솔벤),영업부,EA,YES
A0236,비조명용 후렉스,비조명용 후렉스,[상품],250폭,실사원단(수성/솔벤),영업부,EA,YES
A0237,비조명용 후렉스,비조명용 후렉스,[상품],320폭,실사원단(수성/솔벤),영업부,EA,YES
A0238,,솔벤매쉬원단,[상품],63.5폭,실사원단(수성/솔벤),영업부,EA,YES
A0239,,솔벤매쉬원단,[상품],127폭,실사원단(수성/솔벤),영업부,EA,YES
A0240,,솔벤매쉬원단,[상품],137폭,실사원단(수성/솔벤),영업부,EA,YES
A0241,,솔벤매쉬원단,[상품],162폭,실사원단(수성/솔벤),영업부,EA,YES
A0242,,솔벤매쉬원단,[상품],182폭,실사원단(수성/솔벤),영업부,EA,YES
A0243,,솔벤매쉬원단,[상품],202폭,실사원단(수성/솔벤),영업부,EA,YES
A0244,,솔벤매쉬원단,[상품],222폭,실사원단(수성/솔벤),영업부,EA,YES
A0245,,솔벤매쉬원단,[상품],250폭,실사원단(수성/솔벤),영업부,EA,YES
A0246,,솔벤매쉬원단,[상품],320폭,실사원단(수성/솔벤),영업부,EA,YES
A0266,원형나무,원형나무,[상품],20mm/90폭/단,부자재,영업부,단,YES
A0267,원형나무,원형나무,[상품],25mm/90폭/단,부자재,영업부,단,YES
A0268,원형나무,원형나무,[상품],25mm/90폭/낱개,부자재,영업부,,YES
A0269-1,각목나무,각목나무[낱개),[상품],180폭,부자재,영업부,ea,YES
A1100,무광코팅지-화진,무광코팅지-화진,[상품],90폭,실사원단(수성/솔벤),영업부,EA,YES
A1101,원단1,양면코팅지-화진,[상품],127폭,실사원단(수성/솔벤),영업부,ea,YES
B0001,부자재,삼각접착고리,[상품],10파이/box(1000개),부자재,영업부,,YES
B0002,부자재,삼각접착고리,[상품],12파이/box(1000개),부자재,영업부,,YES
B0003,부자재,삼각접착고리,[상품],무펀치/box(1000개),부자재,영업부,,YES
B0004,부자재,하도매알,[상품],28호,부자재,영업부,1봉,YES
B0005,부자재,하도매알,[상품],24호/1봉(1000조),부자재,영업부,,YES
B0006,부자재,하도매알,[상품],20호,부자재,영업부,1봉,YES
B0007,부자재,하도매알,[상품],17호,부자재,영업부,1봉,YES
B0008,부자재,하도매알,[상품],9호,부자재,영업부,봉지,YES
B0009,부자재,하도매알,[상품],5호,부자재,영업부,1봉,YES
B0011,부자재,압축큐방(차량용),[상품],73파이,부자재,영업부,ea,YES
B0012,부자재,LED투광기-(백색/백색),[원재료],50W,간판자재,영업부,ea,YES
B0013,부자재,LED투광기-(백색/전구색),[원재료],50W,간판자재,영업부,ea,YES
B0014,부자재,LED투광기-(검정/백색),[원재료],50W,간판자재,영업부,ea,YES
B0015,부자재,LED투광기-(검정/전구색),[원재료],50W,간판자재,영업부,ea,YES
B0016,부자재,투광기 파이프 700mm,[원재료],ㄱ자형(검정),간판자재,영업부,ea,YES
B0017,부자재,투광기 파이프 710mm,[원재료],ㅡ자형(백색),간판자재,영업부,ea,YES
B0018,부자재,투광기 파이프 720mm,[원재료],ㅡ자형(검정),간판자재,영업부,ea,YES
B0018-1,파이프,투광기 파이프 700mm,[원재료],ㄱ자형(백색),간판자재,영업부,EA,YES
B0019,부자재,SMPS-방수형-초슬림,[상품],30W,부자재,영업부,ea,YES
B0020,부자재,SMPS-방수형-초슬림,[상품],60W,부자재,영업부,ea,YES
B0021,부자재,SMPS-방수형,[상품],60W,부자재,영업부,ea,YES
B0022,부자재,SMPS-방수형-초슬림,[상품],100W,부자재,영업부,ea,YES
B0023,부자재,SMPS-방수형,[상품],100W,부자재,영업부,ea,YES
B0024,부자재,SMPS-방수형,[상품],150W,부자재,영업부,ea,YES
B0025,부자재,SMPS-방수형,[상품],200W,부자재,영업부,ea,YES
B0026,부자재,SMPS-방수형,[상품],300W,부자재,영업부,ea,YES
B0027,부자재,SMPS-방수형,[상품],400W,부자재,영업부,ea,YES
B0028,부자재,SMPS-방수형,[상품],500W,부자재,영업부,ea,YES
B0033,,볼로프,[상품],4mm,부자재,현수막,마대,YES
B0034,,볼로프,[원재료],5mm,부자재,현수막,마대,YES
C254,,고무자석시트-일반(0.8T),[부재료],100폭/10m,간판자재,영업부,ea,YES
CNC0001,엔드밀,1NW0652,[상품],6mm/50mm,"기타, 할인",UV,,YES
CNC0002,엔드밀,1NW0632,[상품],6mm/30mm,"기타, 할인",UV,,YES
CNC0003,엔드밀,1NWR0632,[상품],6mm/30mm,"기타, 할인",UV,,YES
CNC0004,엔드밀,1NW0622,[상품],6mm/20mm,"기타, 할인",UV,,YES
CNC0005,엔드밀,1NWR0622,[상품],6mm/20mm,"기타, 할인",UV,,YES
CNC0006,엔드밀,1NW0212,[상품],2mm/12mm,"기타, 할인",UV,,YES
CNC0007,엔드밀,1NWR0212,[상품],2mm/12mm,"기타, 할인",UV,,YES
CNC0008,엔드밀,1NW0317,[상품],3mm/17mm,"기타, 할인",UV,,YES
CNC0009,엔드밀,1NWR0317,[상품],3mm/17mm,"기타, 할인",UV,,YES
CNC0010,엔드밀,1FW0322,[상품],3mm/22mm,"기타, 할인",UV,,YES
CNC0011,엔드밀,1FWR0322,[상품],3mm/22mm,"기타, 할인",UV,,YES
CNC0012,엔드밀,1NW0442,[원재료],4mm/42mm,간판자재,간판,,YES
CNC0013,엔드밀,1NW0452,[원재료],4mm/52mm,간판자재,간판,,YES
CNC0014,,1NW0642,[원재료],6mm/42mm,간판자재,간판,,YES
CNC0015,엔드밀,1NW0217,[부재료],2mm/17mm,미분류,UV,EA,YES
CNC0016,엔드밀,1FWR0312,[부재료],3mm/17mm,미분류,UV,EA,YES
CNC0017,엔드밀,1NW0432,[부재료],4mm/32mm,미분류,UV,,YES
